Date,RPM,Speed,nGear,Throttle,Brake,DRS,Source,Time,SessionTime,Distance,X,Y,Z,s_m,kappa,lat_acc_smooth,v_ms,lat_acc_est,in_curve_est
2024-04-07 06:51:47.546,11013.0,281.0,7,100.0,False,12,car,0 days 00:00:00.392000,0 days 02:50:45.912000,30.59777777777778,188.4,-105.7,73.5,0.0,0.0,0.0,78.05555555555556,0.0,0
2024-04-07 06:51:47.706,11264.0,284.0,7,100.0,False,12,car,0 days 00:00:00.552000,0 days 02:50:46.072000,43.22,200.5,-120.2,73.0,0.0,0.0,0.0,78.88888888888889,0.0,0
2024-04-07 06:51:48.186,11528.0,289.0,7,100.0,False,12,car,0 days 00:00:01.032000,0 days 02:50:46.552000,81.75333333333333,215.1,-137.1,72.3,0.0,0.0,0.0,80.27777777777777,0.0,0
2024-04-07 06:51:48.385,11529.0,291.0,7,100.0,False,12,car,0 days 00:00:01.231000,0 days 02:50:46.751000,97.83916666666667,223.5,-146.9,72.0,19.915069670980294,0.0,0.0,80.83333333333333,0.0,0
2024-04-07 06:51:48.785,11438.0,294.0,7,100.0,False,12,car,0 days 00:00:01.631000,0 days 02:50:47.151000,130.50583333333333,259.6,-189.1,70.4,42.24822887428155,0.0,0.0,81.66666666666667,0.0,0
2024-04-07 06:51:49.145,10668.0,298.0,8,100.0,False,12,car,0 days 00:00:01.991000,0 days 02:50:47.511000,160.30583333333334,272.7,-204.1,69.9,62.163298545261846,0.0,0.0,82.77777777777777,0.0,0
2024-04-07 06:51:49.345,10702.0,301.0,8,100.0,False,12,car,0 days 00:00:02.191000,0 days 02:50:47.711000,177.02805555555554,290.0,-224.6,69.1,88.98754131183404,0.0,0.0,83.61111111111111,0.0,0
2024-04-07 06:51:49.505,10793.0,303.0,8,100.0,False,12,car,0 days 00:00:02.351000,0 days 02:50:47.871000,190.4947222222222,290.0,-224.6,69.1,115.81178407840622,0.0,0.0,84.16666666666667,0.0,0
2024-04-07 06:51:50.025,10944.0,307.0,8,100.0,False,12,car,0 days 00:00:02.871000,0 days 02:50:48.391000,234.83916666666664,322.0,-262.0,67.7,142.6360268449784,0.0,0.0,85.27777777777777,0.0,0
2024-04-07 06:51:50.345,11036.0,310.0,8,100.0,False,12,car,0 days 00:00:03.191000,0 days 02:50:48.711000,262.3947222222222,341.0,-284.2,66.9,163.34206461177482,0.0,0.0,86.11111111111111,0.0,0
2024-04-07 06:51:50.585,11041.0,311.0,8,100.0,False,12,car,0 days 00:00:03.431000,0 days 02:50:48.951000,283.12805555555553,354.5,-299.9,66.4,189.44991783642737,0.0,0.0,86.38888888888889,0.0,0
2024-04-07 06:51:50.825,11129.0,313.0,8,100.0,False,12,car,0 days 00:00:03.671000,0 days 02:50:49.191000,303.9947222222222,354.5,-299.9,66.4,215.55777106107993,0.0,0.0,86.94444444444444,0.0,0
2024-04-07 06:51:50.985,11138.0,314.0,8,100.0,False,12,car,0 days 00:00:03.831000,0 days 02:50:49.351000,317.9502777777778,371.4,-319.8,65.6,240.25635401638323,0.0,0.0,87.22222222222221,0.0,0
2024-04-07 06:51:51.465,11205.0,316.0,8,100.0,False,12,car,0 days 00:00:04.311000,0 days 02:50:49.831000,360.0836111111111,397.0,-349.8,64.5,264.9549369716865,0.0,0.0,87.77777777777777,0.0,0
2024-04-07 06:51:51.665,11249.0,317.0,8,100.0,False,12,car,0 days 00:00:04.511000,0 days 02:50:50.031000,377.69472222222225,412.9,-368.7,63.8,289.6535199269898,0.0,0.0,88.05555555555556,0.0,0
2024-04-07 06:51:51.825,11266.0,318.0,8,100.0,False,12,car,0 days 00:00:04.671000,0 days 02:50:50.191000,391.8280555555556,422.0,-379.5,63.4,314.35210288229314,0.0,0.0,88.33333333333333,0.0,0
2024-04-07 06:51:51.985,11268.0,319.0,8,100.0,False,12,car,0 days 00:00:04.831000,0 days 02:50:50.351000,406.0058333333334,422.0,-379.5,63.4,328.47477968239025,0.0,0.0,88.61111111111111,0.0,0
2024-04-07 06:51:52.265,11312.0,319.0,8,100.0,False,12,car,0 days 00:00:05.111000,0 days 02:50:50.631000,430.81694444444446,449.5,-411.8,62.3,342.59745648248736,0.0,0.0,88.61111111111111,0.0,0
2024-04-07 06:51:52.505,11324.0,321.0,8,100.0,False,12,car,0 days 00:00:05.351000,0 days 02:50:50.871000,452.2169444444445,449.5,-411.8,62.3,342.59745648248736,0.0,0.0,89.16666666666667,0.0,0
2024-04-07 06:51:52.825,11360.0,321.0,8,100.0,False,12,car,0 days 00:00:05.671000,0 days 02:50:51.191000,480.75027777777785,508.6,-481.1,59.7,342.59745648248736,0.0,0.0,89.16666666666667,0.0,0
2024-04-07 06:51:52.985,11358.0,321.0,8,100.0,False,12,car,0 days 00:00:05.831000,0 days 02:50:51.351000,495.01694444444456,508.6,-481.1,59.7,342.59745648248736,0.0,0.0,89.16666666666667,0.0,0
2024-04-07 06:51:53.146,11417.0,322.0,8,100.0,False,12,car,0 days 00:00:05.992000,0 days 02:50:51.512000,509.4175000000001,508.6,-481.1,59.7,342.59745648248736,0.0,0.0,89.44444444444444,0.0,0
2024-04-07 06:51:53.386,11479.0,322.0,8,100.0,False,12,car,0 days 00:00:06.232000,0 days 02:50:51.752000,530.8841666666667,512.1,-485.2,59.6,342.59745648248736,0.0,0.0,89.44444444444444,0.0,0
2024-04-07 06:51:53.586,11383.0,322.0,8,100.0,False,12,car,0 days 00:00:06.432000,0 days 02:50:51.952000,548.7730555555556,512.1,-485.2,59.6,342.59745648248736,0.0,0.0,89.44444444444444,0.0,0
2024-04-07 06:51:53.906,11357.0,321.0,8,100.0,False,12,car,0 days 00:00:06.752000,0 days 02:50:52.272000,577.3063888888889,546.7,-526.2,58.2,347.98818927126473,0.0,0.0,89.16666666666667,0.0,0
2024-04-07 06:51:54.066,11311.0,320.0,8,100.0,False,14,car,0 days 00:00:06.912000,0 days 02:50:52.432000,591.5286111111112,546.7,-526.2,58.2,347.98818927126473,-0.05,6.537660563900124,88.88888888888889,395.0617283950617,1
2024-04-07 06:51:54.266,11251.0,320.0,8,100.0,False,10,car,0 days 00:00:07.112000,0 days 02:50:52.632000,609.306388888889,565.0,-547.9,57.4,372.6170341487656,-0.0020567529847055517,16.250887780389544,88.88888888888889,16.250887780389544,1
2024-04-07 06:51:54.426,11173.0,317.0,8,100.0,False,8,car,0 days 00:00:07.272000,0 days 02:50:52.792000,623.3952777777779,565.0,-547.9,57.4,391.90252091991033,-0.0008431577675979023,16.250887780389544,88.05555555555556,6.537660563900124,1
2024-04-07 06:51:54.586,10936.0,316.0,8,98.0,True,8,car,0 days 00:00:07.432000,0 days 02:50:52.952000,637.4397222222224,580.3,-567.2,56.7,415.3413775473143,-0.0021611741142878575,16.267243979592532,87.77777777777777,16.651713144778416,1
2024-04-07 06:51:54.946,10559.0,301.0,8,0.0,True,8,car,0 days 00:00:07.792000,0 days 02:50:53.312000,667.5397222222223,591.5,-582.9,56.2,434.62686431845907,-0.0026266098861160957,16.267243979592532,83.61111111111111,18.362151411420093,1
2024-04-07 06:51:55.105,10068.0,290.0,8,0.0,True,8,car,0 days 00:00:07.951000,0 days 02:50:53.471000,680.3480555555556,604.8,-625.1,54.9,456.94120948026034,-0.0007287109639602203,16.267243979592532,80.55555555555556,4.7287493880443305,1
2024-04-07 06:51:55.345,11125.0,275.0,8,0.0,True,8,car,0 days 00:00:08.191000,0 days 02:50:53.711000,698.6813888888889,604.8,-625.1,54.9,472.6412094802603,-0.0027877485219903373,16.267243979592532,76.38888888888889,16.267243979592532,1
2024-04-07 06:51:55.505,11040.0,259.0,7,0.0,True,8,car,0 days 00:00:08.351000,0 days 02:50:53.871000,710.1925000000001,604.2,-645.1,54.4,486.3412094802602,-0.0031947191091422134,16.267243979592532,71.94444444444444,16.53587596916426,1
2024-04-07 06:51:55.665,10882.0,252.0,7,0.0,True,8,car,0 days 00:00:08.511000,0 days 02:50:54.031000,721.3925,604.2,-645.1,54.4,500.0543418722412,-0.0031916596838839017,16.267243979592532,70.0,15.639132451031118,1
2024-04-07 06:51:55.905,10004.0,252.0,6,0.0,True,0,car,0 days 00:00:08.751000,0 days 02:50:54.271000,738.1925000000001,601.5,-658.8,54.3,513.7674742642222,-0.0031916596838839017,16.53587596916426,70.0,15.639132451031118,1
2024-04-07 06:51:56.105,10902.0,219.0,6,0.0,True,0,car,0 days 00:00:08.951000,0 days 02:50:54.471000,750.3591666666669,594.5,-684.7,54.2,527.2407812079535,-0.008792663959728822,26.66396768541184,60.83333333333333,32.53896266763534,1
2024-04-07 06:51:56.345,10310.0,207.0,5,0.0,True,0,car,0 days 00:00:09.191000,0 days 02:50:54.711000,764.1591666666668,594.5,-684.7,54.2,541.9302332059009,-0.008064716124132126,30.39247776317403,57.5,26.66396768541184,1
2024-04-07 06:51:56.625,9568.0,193.0,5,0.0,True,0,car,0 days 00:00:09.471000,0 days 02:50:54.991000,779.1702777777779,589.2,-697.9,54.2,556.8714513623967,-0.010574418422259268,32.53896266763534,53.61111111111111,30.39247776317403,1
2024-04-07 06:51:56.905,8976.0,180.0,5,0.0,True,0,car,0 days 00:00:09.751000,0 days 02:50:55.271000,793.1702777777779,579.6,-711.9,54.3,568.7226116431456,-0.014122374287021115,35.305935717552785,50.0,35.305935717552785,1
2024-04-07 06:51:57.145,8976.0,175.0,5,0.0,True,0,car,0 days 00:00:09.991000,0 days 02:50:55.511000,804.8369444444445,566.0,-722.5,54.6,583.0236605557254,-0.019039581464233762,35.305935717552785,48.61111111111111,44.991294933808554,1
2024-04-07 06:51:57.385,8536.0,169.0,5,0.0,False,0,car,0 days 00:00:10.231000,0 days 02:50:55.751000,816.1036111111111,566.0,-722.5,54.6,597.7413370027737,-0.018500609574799022,35.305935717552785,46.94444444444444,40.7712893569317,1
2024-04-07 06:51:57.745,7925.0,160.0,5,0.0,False,0,car,0 days 00:00:10.591000,0 days 02:50:56.111000,832.1036111111111,547.0,-729.4,54.9,610.8061753102309,-0.0208411294030053,35.305935717552785,44.44444444444444,41.16766301828207,1
2024-04-07 06:51:57.985,7663.0,155.0,5,0.0,False,0,car,0 days 00:00:10.831000,0 days 02:50:56.351000,842.4369444444445,534.0,-730.7,55.2,620.8061753102309,-0.007631506169900515,14.147140102766967,43.05555555555556,14.147140102766967,1
2024-04-07 06:51:58.265,7904.0,148.0,5,50.0,False,0,car,0 days 00:00:11.111000,0 days 02:50:56.631000,853.9480555555557,524.0,-730.2,55.5,631.2181876037312,-0.007329520898342107,14.147140102766967,41.11111111111111,12.387795197321411,1
2024-04-07 06:51:58.425,7817.0,150.0,5,53.0,False,0,car,0 days 00:00:11.271000,0 days 02:50:56.791000,860.6147222222223,516.7,-728.9,55.8,641.6991226765193,-0.00728132186384241,14.147140102766967,41.666666666666664,12.641183791393072,1
2024-04-07 06:51:58.705,7937.0,152.0,5,55.0,False,0,car,0 days 00:00:11.551000,0 days 02:50:57.071000,872.4369444444445,506.3,-725.7,56.1,652.1986464752447,-0.007268430755713893,14.147140102766967,42.22222222222222,12.9575481620381,1
2024-04-07 06:51:58.945,8202.0,155.0,5,62.0,False,0,car,0 days 00:00:11.791000,0 days 02:50:57.311000,882.7702777777779,495.8,-720.1,56.5,662.7986464752447,-0.010502805705245226,19.469900236768254,43.05555555555556,19.469900236768254,1
2024-04-07 06:51:59.265,8712.0,161.0,5,76.0,False,0,car,0 days 00:00:12.111000,0 days 02:50:57.631000,897.081388888889,486.8,-713.0,56.8,673.3986464752447,-0.012429608254624521,20.40139553681357,44.72222222222222,24.860175583960046,1
2024-04-07 06:51:59.425,8882.0,165.0,5,85.0,False,0,car,0 days 00:00:12.271000,0 days 02:50:57.791000,904.4147222222224,479.9,-705.6,57.0,684.862066558274,-0.009711738701821996,20.40139553681357,45.833333333333336,20.40139553681357,1
2024-04-07 06:51:59.585,8869.0,168.0,5,90.0,False,0,car,0 days 00:00:12.431000,0 days 02:50:57.951000,911.881388888889,479.9,-705.6,57.0,694.7625715958972,-0.011244854686961219,20.40139553681357,46.666666666666664,24.48879465160443,1
2024-04-07 06:51:59.946,9562.0,181.0,5,100.0,False,0,car,0 days 00:00:12.792000,0 days 02:50:58.312000,930.0316666666668,461.5,-678.3,57.5,704.8803776821986,-0.011003347912185097,20.40139553681357,50.27777777777778,27.81486735733765,1
2024-04-07 06:52:00.146,9724.0,188.0,5,100.0,False,0,car,0 days 00:00:12.992000,0 days 02:50:58.512000,940.4761111111112,461.5,-678.3,57.5,722.0480799163358,-0.0012037751856017046,3.2828881296224264,52.22222222222222,3.2828881296224264,1
2024-04-07 06:52:00.546,10450.0,200.0,5,100.0,False,0,car,0 days 00:00:13.392000,0 days 02:50:58.912000,962.6983333333334,452.8,-663.5,57.7,739.215782150473,0.0,0.0,55.55555555555556,0.0,0
2024-04-07 06:52:00.906,11005.0,213.0,5,100.0,False,0,car,0 days 00:00:13.752000,0 days 02:50:59.272000,983.9983333333334,436.4,-634.3,58.3,756.3834843846103,0.0,0.0,59.166666666666664,0.0,0
2024-04-07 06:52:01.146,11171.0,219.0,5,100.0,False,0,car,0 days 00:00:13.992000,0 days 02:50:59.512000,998.5983333333335,436.4,-634.3,58.3,775.8834843846103,0.0,0.0,60.83333333333333,0.0,0
2024-04-07 06:52:01.346,11585.0,223.0,5,100.0,False,0,car,0 days 00:00:14.192000,0 days 02:50:59.712000,1010.9872222222223,426.5,-617.5,58.6,797.0771155034157,0.0,0.0,61.94444444444444,0.0,0
2024-04-07 06:52:01.506,11573.0,228.0,5,100.0,False,0,car,0 days 00:00:14.352000,0 days 02:50:59.872000,1021.1205555555556,414.4,-599.6,59.0,816.5771155034157,5.514691084972079e-05,0.2212003868527689,63.33333333333333,0.2212003868527689,0
2024-04-07 06:52:01.905,10553.0,236.0,5,100.0,False,0,car,0 days 00:00:14.751000,0 days 02:51:00.271000,1047.2772222222222,400.7,-582.2,59.4,836.0771155034157,0.003852794407318109,15.624131139586531,65.55555555555556,16.557502878857207,1
2024-04-07 06:52:02.225,10753.0,239.0,6,100.0,False,0,car,0 days 00:00:15.071000,0 days 02:51:00.591000,1068.5216666666668,390.8,-571.6,59.5,857.2707466222212,0.0035449088701010392,16.557502878857207,66.38888888888889,15.624131139586531,1
2024-04-07 06:52:02.425,10886.0,239.0,6,85.0,False,0,car,0 days 00:00:15.271000,0 days 02:51:00.791000,1081.7994444444446,390.8,-571.6,59.5,871.774883962994,0.008700333557287507,16.557502878857207,66.38888888888889,38.34658588933794,1
2024-04-07 06:52:02.785,10853.0,239.0,6,70.0,False,0,car,0 days 00:00:15.631000,0 days 02:51:01.151000,1105.6994444444445,341.2,-545.7,60.7,881.9385447208115,0.012415883984357797,16.557502878857207,66.38888888888889,54.72281705790908,1
2024-04-07 06:52:03.025,10834.0,239.0,6,79.0,False,0,car,0 days 00:00:15.871000,0 days 02:51:01.391000,1121.6327777777778,341.2,-545.7,60.7,902.5458249877463,0.006123604434492535,15.624131139586531,66.38888888888889,26.989692044957412,1
2024-04-07 06:52:03.305,10792.0,239.0,6,89.0,False,0,car,0 days 00:00:16.151000,0 days 02:51:01.671000,1140.2216666666668,320.7,-543.4,61.4,923.1531052546811,0.0,3.061479234829874,66.38888888888889,0.0,1
2024-04-07 06:52:03.545,10792.0,239.0,6,89.0,True,0,car,0 days 00:00:16.391000,0 days 02:51:01.911000,1156.155,296.9,-541.3,62.2,943.760385521616,0.0,3.061479234829874,66.38888888888889,0.0,1
2024-04-07 06:52:03.825,10028.0,239.0,6,0.0,True,0,car,0 days 00:00:16.671000,0 days 02:51:02.191000,1174.743888888889,296.9,-541.3,62.2,964.3890064158977,-0.000467551573765191,3.061479234829874,66.38888888888889,2.060726346068015,1
2024-04-07 06:52:04.065,10556.0,221.0,6,0.0,False,0,car,0 days 00:00:16.911000,0 days 02:51:02.431000,1189.4772222222223,274.1,-533.3,63.4,976.2616640796224,-0.000812366063008439,3.061479234829874,61.388888888888886,3.061479234829874,1
2024-04-07 06:52:04.265,10674.0,212.0,5,20.0,False,0,car,0 days 00:00:17.111000,0 days 02:51:02.631000,1201.255,264.1,-526.9,64.0,988.2986902904437,-0.001744081591833183,5.6004397782198865,58.888888888888886,6.048302705505445,1
2024-04-07 06:52:04.545,10525.0,204.0,5,46.0,False,0,car,0 days 00:00:17.391000,0 days 02:51:02.911000,1217.1216666666667,256.1,-520.2,64.5,1000.335716501265,-0.001744081591833183,6.048302705505445,56.666666666666664,5.6004397782198865,1
2024-04-07 06:52:04.785,10458.0,204.0,5,57.0,False,0,car,0 days 00:00:17.631000,0 days 02:51:03.151000,1230.7216666666668,242.3,-502.6,65.6,1011.0024873340897,-0.001968126639610916,6.3198733205283855,56.666666666666664,6.3198733205283855,1
2024-04-07 06:52:05.025,10503.0,203.0,5,73.0,False,0,car,0 days 00:00:17.871000,0 days 02:51:03.391000,1244.255,242.3,-502.6,65.6,1021.4375244686665,-0.008512337083752765,12.574672840423311,56.388888888888886,27.06673602502837,1
2024-04-07 06:52:05.225,10629.0,204.0,5,81.0,False,0,car,0 days 00:00:18.071000,0 days 02:51:03.591000,1255.5883333333336,234.0,-481.1,66.5,1040.8964555801126,-0.004564821832312633,14.658150105981676,56.666666666666664,14.658150105981676,1
2024-04-07 06:52:05.465,10843.0,205.0,5,86.0,False,0,car,0 days 00:00:18.311000,0 days 02:51:03.831000,1269.255,234.0,-481.1,66.5,1040.8964555801126,-0.05,19.608555170431895,56.94444444444444,162.133487654321,1
2024-04-07 06:52:06.546,10900.0,213.0,5,3.0,True,0,car,0 days 00:00:19.392000,0 days 02:51:04.912000,1333.2141666666666,208.5,-407.6,70.2,1063.1984734260386,0.0035920509601685318,19.608555170431895,59.166666666666664,12.574672840423311,1
2024-04-07 06:52:06.706,10480.0,213.0,5,4.0,False,0,car,0 days 00:00:19.552000,0 days 02:51:05.072000,1342.6808333333333,208.5,-407.6,70.2,1081.5464978428524,0.007546211452793868,19.606154914564566,59.166666666666664,26.416980509398535,1
2024-04-07 06:52:07.186,9985.0,199.0,5,10.0,False,0,car,0 days 00:00:20.032000,0 days 02:51:05.552000,1369.2141666666666,187.1,-386.9,71.6,1103.1226420767048,0.006417183278422195,19.606154914564566,55.27777777777778,19.608555170431895,1
2024-04-07 06:52:07.466,10108.0,194.0,5,58.0,False,0,car,0 days 00:00:20.312000,0 days 02:51:05.832000,1384.3030555555556,171.0,-378.1,72.4,1123.6306892777427,0.006751402053692125,12.574672840423311,53.888888888888886,19.606154914564566,1
2024-04-07 06:52:07.746,10129.0,194.0,5,62.0,False,0,car,0 days 00:00:20.592000,0 days 02:51:06.112000,1399.3919444444443,151.3,-372.4,73.3,1144.1387364787806,0.00390627073518242,11.343858440534378,53.888888888888886,11.343858440534378,1
2024-04-07 06:52:08.066,10247.0,195.0,5,69.0,False,0,car,0 days 00:00:20.912000,0 days 02:51:06.432000,1416.7252777777776,130.4,-370.5,74.2,1163.133999046063,0.002491764696665216,7.310906835701761,54.166666666666664,7.310906835701761,1
2024-04-07 06:52:08.426,10476.0,200.0,5,84.0,False,0,car,0 days 00:00:21.272000,0 days 02:51:06.792000,1436.7252777777776,111.5,-369.5,74.9,1182.0604355833514,0.0,5.682584712036612,55.55555555555556,0.0,1
2024-04-07 06:52:08.585,10753.0,202.0,5,87.0,False,0,car,0 days 00:00:21.431000,0 days 02:51:06.951000,1445.6469444444444,111.5,-369.5,74.9,1195.2982601780498,0.0,5.682584712036612,56.11111111111111,0.0,1
2024-04-07 06:52:08.825,10473.0,207.0,5,0.0,True,0,car,0 days 00:00:21.671000,0 days 02:51:07.191000,1459.4469444444444,101.4,-368.7,75.3,1208.5360847727482,-0.0017187401775536067,5.682584712036612,57.5,5.682584712036612,1
2024-04-07 06:52:09.105,9674.0,196.0,5,0.0,True,0,car,0 days 00:00:21.951000,0 days 02:51:07.471000,1474.691388888889,88.2,-366.6,75.6,1221.408535976773,-0.0017675251305051647,5.682584712036612,54.44444444444444,5.239293627583827,1
2024-04-07 06:52:09.465,9067.0,185.0,5,0.0,True,0,car,0 days 00:00:22.311000,0 days 02:51:07.831000,1493.191388888889,58.4,-354.8,75.9,1236.9742033251393,-0.005670068214149315,12.943155713533436,51.388888888888886,14.973617641146626,1
2024-04-07 06:52:09.905,8602.0,172.0,5,0.0,False,0,car,0 days 00:00:22.751000,0 days 02:51:08.271000,1514.2136111111113,45.7,-345.8,75.9,1252.5398706735057,-0.005670068214149315,14.973617641146626,47.77777777777778,12.943155713533436,1
2024-04-07 06:52:10.305,8185.0,165.0,5,0.0,False,0,car,0 days 00:00:23.151000,0 days 02:51:08.671000,1532.5469444444445,33.5,-334.2,75.7,1269.7401613687236,-0.0071886100309809416,15.101073155359272,45.833333333333336,15.101073155359272,1
2024-04-07 06:52:10.465,8010.0,162.0,5,0.0,False,0,car,0 days 00:00:23.311000,0 days 02:51:08.831000,1539.7469444444446,29.4,-329.5,75.6,1284.9006362953214,-0.008155825119337446,16.51554586665833,45.0,16.51554586665833,1
2024-04-07 06:52:10.905,7951.0,155.0,5,31.0,False,0,car,0 days 00:00:23.751000,0 days 02:51:09.271000,1558.6913888888892,16.7,-307.8,75.3,1291.9220321679381,-0.029593719403003215,32.442745436320216,43.05555555555556,54.860270729718536,1
2024-04-07 06:52:11.065,8119.0,155.0,5,31.0,False,0,car,0 days 00:00:23.911000,0 days 02:51:09.431000,1565.580277777778,14.8,-302.1,75.1,1298.0685759121898,-0.033805863574297594,32.442745436320216,43.05555555555556,62.668662991705226,1
2024-04-07 06:52:11.265,8394.0,157.0,5,57.0,False,0,car,0 days 00:00:24.111000,0 days 02:51:09.631000,1574.3025000000002,14.8,-302.1,75.1,1308.9359583017074,-0.019120447944488615,32.442745436320216,43.61111111111111,36.3657346746682,1
2024-04-07 06:52:11.465,8505.0,160.0,5,55.0,False,0,car,0 days 00:00:24.311000,0 days 02:51:09.831000,1583.1913888888892,12.5,-288.4,74.8,1319.6359583017074,-0.01642413987713711,32.442745436320216,44.44444444444444,32.442745436320216,1
2024-04-07 06:52:11.745,8676.0,164.0,5,58.0,False,0,car,0 days 00:00:24.591000,0 days 02:51:10.111000,1595.9469444444449,12.9,-277.7,74.5,1333.341796473815,-0.012822148815605283,26.609916245719116,45.55555555555556,26.609916245719116,1
2024-04-07 06:52:12.105,9002.0,169.0,5,74.0,False,0,car,0 days 00:00:24.951000,0 days 02:51:10.471000,1612.8469444444447,18.8,-257.0,74.0,1347.0476346459227,-0.0021296609245099623,4.693305992664277,46.94444444444444,4.693305992664277,1
2024-04-07 06:52:12.585,9552.0,179.0,5,89.0,False,0,car,0 days 00:00:25.431000,0 days 02:51:10.951000,1636.7136111111115,28.2,-233.9,73.9,1368.572039399597,-0.0013560787546429982,4.693305992664277,49.72222222222222,3.3526326680182335,1
2024-04-07 06:52:12.786,9938.0,186.0,5,100.0,False,0,car,0 days 00:00:25.632000,0 days 02:51:11.152000,1647.0986111111115,28.2,-233.9,73.9,1390.0964441532715,0.0,4.693305992664277,51.666666666666664,0.0,1
2024-04-07 06:52:13.186,10587.0,200.0,5,100.0,False,0,car,0 days 00:00:26.032000,0 days 02:51:11.552000,1669.3208333333337,39.7,-204.6,74.6,1407.236455821879,0.0,4.693305992664277,55.55555555555556,0.0,1
2024-04-07 06:52:13.386,10741.0,205.0,5,83.0,False,0,car,0 days 00:00:26.232000,0 days 02:51:11.752000,1680.7097222222226,39.7,-204.6,74.6,1412.845377286831,0.009825984056642574,10.939156811901508,56.94444444444444,31.86242129478427,1
2024-04-07 06:52:13.546,10741.0,205.0,5,77.0,False,0,car,0 days 00:00:26.392000,0 days 02:51:11.912000,1689.8208333333337,45.0,-188.3,75.4,1429.1824516883266,0.0033735032071919944,11.178172566453702,56.94444444444444,10.939156811901508,1
2024-04-07 06:52:13.786,10773.0,209.0,5,79.0,False,0,car,0 days 00:00:26.632000,0 days 02:51:12.152000,1703.754166666667,46.1,-182.8,75.8,1445.4836786360138,0.007175843579350063,16.521471628122896,58.05555555555556,24.185804273888127,1
2024-04-07 06:52:14.066,10602.0,207.0,5,56.0,False,0,car,0 days 00:00:26.912000,0 days 02:51:12.432000,1719.854166666667,46.3,-163.7,77.2,1461.784905583701,0.003380921759229853,24.185804273888127,57.5,11.178172566453702,1
2024-04-07 06:52:14.386,10758.0,208.0,5,70.0,False,0,car,0 days 00:00:27.232000,0 days 02:51:12.752000,1738.3430555555558,38.3,-140.7,79.0,1472.9208833135638,0.004949109474400719,16.521471628122896,57.77777777777778,16.521471628122896,1
2024-04-07 06:52:14.706,10951.0,209.0,5,79.0,False,0,car,0 days 00:00:27.552000,0 days 02:51:13.072000,1756.9208333333336,33.4,-132.7,79.7,1490.5416097458083,0.011892083715476318,16.521471628122896,58.05555555555556,40.08164419565749,1
2024-04-07 06:52:14.906,11021.0,212.0,5,85.0,False,0,car,0 days 00:00:27.752000,0 days 02:51:13.272000,1768.6986111111114,25.3,-122.7,80.5,1503.4105646373291,0.01628315241028815,11.178172566453702,58.888888888888886,56.46836434629556,1
2024-04-07 06:52:15.305,11473.0,218.0,5,100.0,False,0,car,0 days 00:00:28.151000,0 days 02:51:13.671000,1792.860277777778,4.6,-107.0,82.2,1522.7767723197846,0.002921854784187065,11.32213247590273,60.55555555555556,10.714369349051395,1
2024-04-07 06:52:15.545,11539.0,220.0,5,100.0,False,0,car,0 days 00:00:28.391000,0 days 02:51:13.911000,1807.5269444444446,-13.6,-98.1,83.8,1542.1429800022402,0.002921854784187065,11.32213247590273,61.11111111111111,10.911865089093666,1
2024-04-07 06:52:15.745,11657.0,223.0,5,100.0,False,0,car,0 days 00:00:28.591000,0 days 02:51:14.111000,1819.9158333333337,-30.8,-90.4,84.9,1560.987873209685,0.002624901582799692,11.32213247590273,61.94444444444444,10.072047130481936,1
2024-04-07 06:52:16.105,10705.0,234.0,6,100.0,False,0,car,0 days 00:00:28.951000,0 days 02:51:14.471000,1843.3158333333336,-40.3,-86.4,85.5,1579.446746414732,0.0026797946688527172,11.32213247590273,65.0,11.32213247590273,1
2024-04-07 06:52:16.345,10858.0,237.0,6,100.0,False,0,car,0 days 00:00:29.191000,0 days 02:51:14.711000,1859.1158333333335,-53.5,-81.4,86.2,1593.561986405607,0.004008805135805195,13.62083237176455,65.83333333333333,17.37427281427793,1
2024-04-07 06:52:16.625,11062.0,239.0,6,100.0,False,0,car,0 days 00:00:29.471000,0 days 02:51:14.991000,1877.7047222222225,-80.5,-74.7,87.2,1607.3547381252604,0.0035863757293208448,14.22764993540618,66.38888888888889,15.806895681677156,1
2024-04-07 06:52:16.785,11158.0,245.0,6,100.0,False,0,car,0 days 00:00:29.631000,0 days 02:51:15.151000,1888.5936111111114,-90.8,-72.8,87.5,1623.776979141638,0.002940874427956161,14.22764993540618,68.05555555555556,13.62083237176455,1
2024-04-07 06:52:16.985,11274.0,248.0,6,100.0,False,0,car,0 days 00:00:29.831000,0 days 02:51:15.351000,1902.3713888888892,-107.1,-70.8,87.9,1642.1753486346122,0.0029980219686990134,14.22764993540618,68.88888888888889,14.22764993540618,1
2024-04-07 06:52:17.305,11274.0,254.0,6,100.0,False,0,car,0 days 00:00:30.151000,0 days 02:51:15.671000,1924.949166666667,-129.5,-69.9,88.2,1658.5001763519267,0.0029584231754908197,13.62083237176455,70.55555555555556,14.727286233793652,1
2024-04-07 06:52:17.465,11414.0,254.0,6,100.0,False,0,car,0 days 00:00:30.311000,0 days 02:51:15.831000,1936.238055555556,-147.8,-70.4,88.1,1676.8001763519267,0.001018288131930143,12.495043113855251,70.55555555555556,5.069126320957184,1
2024-04-07 06:52:17.625,11570.0,259.0,6,100.0,False,0,car,0 days 00:00:30.471000,0 days 02:51:15.991000,1947.7491666666672,-147.8,-70.4,88.1,1696.8064253756693,0.0024140331652116706,12.495043113855251,71.94444444444444,12.495043113855251,1
2024-04-07 06:52:17.865,10851.0,261.0,6,100.0,False,0,car,0 days 00:00:30.711000,0 days 02:51:16.231000,1965.149166666667,-167.8,-72.4,88.0,1715.1132547024533,0.0001267731787091346,12.495043113855251,72.5,0.6663515205898887,1
2024-04-07 06:52:18.025,10592.0,263.0,6,100.0,False,0,car,0 days 00:00:30.871000,0 days 02:51:16.391000,1976.838055555556,-194.5,-79.9,87.7,1735.2130059446952,0.0001154648591353996,5.069126320957184,73.05555555555556,0.6162491390074426,1
2024-04-07 06:52:18.265,10576.0,266.0,7,100.0,False,0,car,0 days 00:00:31.111000,0 days 02:51:16.631000,1994.5713888888895,-194.5,-79.9,87.7,1755.312757186937,0.003599698476583247,0.6663515205898887,73.88888888888889,19.652798256876867,0
2024-04-07 06:52:18.505,10734.0,269.0,7,100.0,False,0,car,0 days 00:00:31.351000,0 days 02:51:16.871000,2012.5047222222227,-219.2,-90.3,87.4,1781.1263195137449,0.0028029081383804085,0.6162491390074426,74.72222222222221,15.649786713066721,0
2024-04-07 06:52:18.705,10777.0,271.0,7,100.0,False,0,car,0 days 00:00:31.551000,0 days 02:51:17.071000,2027.560277777778,-219.2,-90.3,87.4,1781.1263195137449,0.0,0.0,75.27777777777777,0.0,0
2024-04-07 06:52:18.905,10871.0,273.0,7,100.0,False,0,car,0 days 00:00:31.751000,0 days 02:51:17.271000,2042.726944444445,-263.3,-116.8,86.8,1781.1263195137449,0.0,0.0,75.83333333333333,0.0,0
2024-04-07 06:52:19.065,10964.0,274.0,7,100.0,False,0,car,0 days 00:00:31.911000,0 days 02:51:17.431000,2054.904722222223,-263.3,-116.8,86.8,1781.1263195137449,0.0,0.0,76.11111111111111,0.0,0
2024-04-07 06:52:19.225,10964.0,276.0,7,100.0,False,0,car,0 days 00:00:32.071000,0 days 02:51:17.591000,2067.1713888888894,-263.3,-116.8,86.8,1800.0773089338254,0.0,0.0,76.66666666666667,0.0,0
2024-04-07 06:52:19.546,11048.0,278.0,7,100.0,False,0,car,0 days 00:00:32.392000,0 days 02:51:17.912000,2091.9597222222233,-277.9,-130.3,86.5,1818.007451153005,0.0,0.0,77.22222222222221,0.0,0
2024-04-07 06:52:19.826,11078.0,280.0,7,100.0,False,0,car,0 days 00:00:32.672000,0 days 02:51:18.192000,2113.7375000000006,-291.2,-145.5,86.2,1835.9375933721844,0.0,0.0,77.77777777777777,0.0,0
2024-04-07 06:52:20.066,11147.0,281.0,7,100.0,False,0,car,0 days 00:00:32.912000,0 days 02:51:18.432000,2132.470833333334,-303.0,-161.4,85.9,1856.1348704163802,0.0009493857518597483,0.0,78.05555555555556,5.784293854367098,0
2024-04-07 06:52:20.266,11214.0,282.0,7,100.0,False,0,car,0 days 00:00:33.112000,0 days 02:51:18.632000,2148.137500000001,-312.4,-174.0,85.7,1875.377531355034,0.0,0.0,78.33333333333333,0.0,0
2024-04-07 06:52:20.626,11148.0,283.0,7,100.0,False,0,car,0 days 00:00:33.472000,0 days 02:51:18.992000,2176.4375000000014,-333.4,-201.7,85.3,1891.0975822455368,0.0,0.0,78.61111111111111,0.0,0
2024-04-07 06:52:20.786,11167.0,283.0,7,100.0,False,0,car,0 days 00:00:33.632000,0 days 02:51:19.152000,2189.015277777779,-333.4,-201.7,85.3,1906.8176331360396,0.0012197802148152033,5.784293854367098,78.61111111111111,7.537884075951762,1
2024-04-07 06:52:21.026,11054.0,283.0,7,63.0,False,0,car,0 days 00:00:33.872000,0 days 02:51:19.392000,2207.8819444444457,-333.4,-201.7,85.3,1924.7075744439367,0.0,7.537884075951762,78.61111111111111,0.0,1
2024-04-07 06:52:21.346,10405.0,272.0,7,0.0,True,0,car,0 days 00:00:34.192000,0 days 02:51:19.712000,2232.0597222222236,-373.3,-250.7,84.5,1924.7075744439367,-0.05,36.93246129254067,75.55555555555556,285.4320987654321,1
2024-04-07 06:52:21.666,10907.0,258.0,7,0.0,True,0,car,0 days 00:00:34.512000,0 days 02:51:20.032000,2254.993055555557,-385.9,-263.4,84.2,1939.1702851165596,-0.00809469431901806,36.93246129254067,71.66666666666667,41.57524943295665,1
2024-04-07 06:52:21.826,10907.0,249.0,7,21.0,False,0,car,0 days 00:00:34.672000,0 days 02:51:20.192000,2266.0597222222236,-385.9,-263.4,84.2,1954.3350469016982,-0.007719951264517138,36.93246129254067,69.16666666666667,36.93246129254067,1
2024-04-07 06:52:22.025,10873.0,244.0,6,78.0,False,0,car,0 days 00:00:34.871000,0 days 02:51:20.391000,2279.547500000002,-399.3,-270.5,83.9,1968.708633788763,-0.008144885673918866,36.93246129254067,67.77777777777777,37.41619702796555,1
2024-04-07 06:52:22.265,10892.0,241.0,6,74.0,False,0,car,0 days 00:00:35.111000,0 days 02:51:20.631000,2295.614166666668,-414.4,-273.9,83.6,1984.3041459637448,-0.0039181822819055225,17.559563666308225,66.94444444444444,17.559563666308225,1
2024-04-07 06:52:22.665,11074.0,244.0,6,100.0,False,0,car,0 days 00:00:35.511000,0 days 02:51:21.031000,2322.7252777777794,-443.9,-279.1,82.9,2004.7790086006466,-0.0029844429515792272,13.710015089909016,67.77777777777777,13.710015089909016,1
2024-04-07 06:52:23.105,11170.0,234.0,6,0.0,True,0,car,0 days 00:00:35.951000,0 days 02:51:21.471000,2351.3252777777793,-468.5,-283.0,82.3,2025.1645426873465,-0.002997520654664732,12.664524765958493,65.0,12.664524765958493,1
2024-04-07 06:52:23.265,10330.0,224.0,6,0.0,True,0,car,0 days 00:00:36.111000,0 days 02:51:21.631000,2361.2808333333346,-488.6,-286.0,81.8,2045.4871901526744,-0.0012087409590777701,11.47245236684319,62.22222222222222,4.67976746625665,1
2024-04-07 06:52:23.585,9681.0,193.0,6,0.0,True,0,car,0 days 00:00:36.431000,0 days 02:51:21.951000,2378.43638888889,-497.5,-286.8,81.6,2063.604861084668,-0.0013291150525968725,11.47245236684319,53.61111111111111,3.8200776693040814,1
2024-04-07 06:52:23.945,9381.0,158.0,4,0.0,True,0,car,0 days 00:00:36.791000,0 days 02:51:22.311000,2394.2363888888904,-511.5,-287.1,81.1,2078.907801978496,-0.0016052350040865126,11.47245236684319,43.888888888888886,3.0920591544765195,1
2024-04-07 06:52:24.305,8293.0,142.0,4,0.0,True,0,car,0 days 00:00:37.151000,0 days 02:51:22.671000,2408.4363888888906,-529.6,-285.4,80.3,2093.0106385726003,-0.007373684917391775,11.47245236684319,39.44444444444444,11.47245236684319,1
2024-04-07 06:52:24.545,8029.0,138.0,4,0.0,False,0,car,0 days 00:00:37.391000,0 days 02:51:22.911000,2417.6363888888905,-544.9,-279.7,80.0,2107.5708583511614,-0.010814581252399069,15.891426340330856,38.333333333333336,15.891426340330856,1
2024-04-07 06:52:24.905,7638.0,132.0,4,0.0,False,0,car,0 days 00:00:37.751000,0 days 02:51:23.271000,2430.8363888888903,-550.0,-275.7,79.9,2116.367448599661,-0.021070431242072373,19.24713111880192,36.666666666666664,28.328024225452854,1
2024-04-07 06:52:25.225,7832.0,126.0,4,37.0,False,0,car,0 days 00:00:38.071000,0 days 02:51:23.591000,2442.03638888889,-556.7,-267.1,80.1,2124.473002251325,-0.022866784671476702,19.24713111880192,35.0,28.01181122255896,1
2024-04-07 06:52:25.385,7977.0,127.0,4,37.0,False,0,car,0 days 00:00:38.231000,0 days 02:51:23.751000,2447.6808333333347,-560.1,-260.8,80.3,2134.179185847363,-0.019095862772609558,19.24713111880192,35.27777777777778,23.76521378544904,1
2024-04-07 06:52:25.705,8392.0,133.0,4,57.0,False,0,car,0 days 00:00:38.551000,0 days 02:51:24.071000,2459.503055555557,-564.6,-247.9,80.3,2144.457804431589,-0.014101578342454233,19.24713111880192,36.94444444444444,19.24713111880192,1
2024-04-07 06:52:25.986,8792.0,138.0,4,69.0,False,0,car,0 days 00:00:38.832000,0 days 02:51:24.352000,2470.2747222222233,-566.4,-238.2,80.3,2156.0310494389323,-0.010317090589191119,15.16039144911695,38.333333333333336,15.16039144911695,1
2024-04-07 06:52:26.266,9661.0,149.0,4,93.0,False,0,car,0 days 00:00:39.112000,0 days 02:51:24.632000,2481.8636111111123,-567.7,-226.9,80.2,2167.4735142083778,-0.00522324929823575,8.94763562269536,41.388888888888886,8.94763562269536,1
2024-04-07 06:52:26.466,9971.0,158.0,4,100.0,False,0,car,0 days 00:00:39.312000,0 days 02:51:24.832000,2490.6413888888897,-570.2,-207.7,80.1,2178.915978977823,-0.002586635632153112,4.982466969218385,43.888888888888886,4.982466969218385,1
2024-04-07 06:52:26.706,10474.0,170.0,4,100.0,False,0,car,0 days 00:00:39.552000,0 days 02:51:25.072000,2501.974722222223,-570.2,-207.7,80.1,2191.1736296499544,0.0,0.0,47.22222222222222,0.0,0
2024-04-07 06:52:27.026,11461.0,183.0,4,100.0,False,0,car,0 days 00:00:39.872000,0 days 02:51:25.392000,2518.24138888889,-572.9,-195.7,80.1,2206.6115699270767,0.0,0.0,50.83333333333333,0.0,0
2024-04-07 06:52:27.426,12108.0,198.0,4,100.0,False,0,car,0 days 00:00:40.272000,0 days 02:51:25.792000,2540.24138888889,-577.9,-173.1,80.1,2222.165669065246,0.0,0.0,55.0,0.0,0
2024-04-07 06:52:27.666,10848.0,198.0,4,100.0,False,0,car,0 days 00:00:40.512000,0 days 02:51:26.032000,2553.4413888888903,-581.2,-157.9,80.1,2237.7197682034157,0.0,0.0,55.0,0.0,0
2024-04-07 06:52:27.986,11246.0,214.0,5,100.0,False,0,car,0 days 00:00:40.832000,0 days 02:51:26.352000,2572.4636111111126,-587.5,-128.3,80.2,2253.273867341585,0.0,0.0,59.44444444444444,0.0,0
2024-04-07 06:52:28.266,11458.0,223.0,5,100.0,False,0,car,0 days 00:00:41.112000,0 days 02:51:26.632000,2589.808055555557,-590.7,-113.7,80.4,2268.8279664797547,0.0,0.0,61.94444444444444,0.0,0
2024-04-07 06:52:28.546,11458.0,230.0,5,100.0,False,0,car,0 days 00:00:41.392000,0 days 02:51:26.912000,2607.696944444446,-593.9,-98.7,80.7,2284.165502135785,0.0,0.0,63.888888888888886,0.0,0
2024-04-07 06:52:28.785,11275.0,235.0,5,100.0,False,0,car,0 days 00:00:41.631000,0 days 02:51:27.151000,2623.298333333335,-597.5,-82.0,81.1,2299.112073649012,0.0,0.0,65.27777777777777,0.0,0
2024-04-07 06:52:29.025,10750.0,241.0,6,100.0,False,0,car,0 days 00:00:41.871000,0 days 02:51:27.391000,2639.3650000000016,-600.3,-68.9,81.6,2313.9973012253713,-0.00024218289423021477,1.085356842576011,66.94444444444444,1.085356842576011,0
2024-04-07 06:52:29.345,10989.0,247.0,6,100.0,False,0,car,0 days 00:00:42.191000,0 days 02:51:27.711000,2661.3205555555573,-603.2,-54.3,82.2,2328.8825288017306,-0.000443250171392422,2.086593341549404,68.61111111111111,2.086593341549404,1
2024-04-07 06:52:29.585,11289.0,250.0,6,100.0,False,0,car,0 days 00:00:42.431000,0 days 02:51:27.951000,2677.987222222224,-603.2,-54.3,82.2,2343.748597549049,-0.0013243688823252977,6.386809810596536,69.44444444444444,6.386809810596536,1
2024-04-07 06:52:29.905,11462.0,257.0,6,100.0,False,0,car,0 days 00:00:42.751000,0 days 02:51:28.271000,2700.8316666666683,-611.2,-11.6,84.2,2362.3313852839397,-0.0014346797022567798,7.3116635535770085,71.38888888888889,7.3116635535770085,1
2024-04-07 06:52:30.105,11502.0,259.0,6,100.0,False,0,car,0 days 00:00:42.951000,0 days 02:51:28.471000,2715.2205555555574,-613.8,6.8,85.1,2384.8313852839397,-0.002182452094080695,11.29637877492493,71.94444444444444,11.29637877492493,1
2024-04-07 06:52:30.545,11651.0,261.0,6,100.0,False,0,car,0 days 00:00:43.391000,0 days 02:51:28.911000,2747.120555555557,-613.2,35.4,86.5,2407.339383862223,-0.004091932404652341,17.842116012208145,72.5,21.508219701953866,1
2024-04-07 06:52:30.825,11328.0,258.0,6,0.0,True,0,car,0 days 00:00:43.671000,0 days 02:51:29.191000,2767.1872222222237,-608.2,57.9,87.7,2426.3183195541947,-0.004852812098694526,17.842116012208145,71.66666666666667,24.92458214023939,1
2024-04-07 06:52:31.065,11328.0,243.0,6,0.0,True,0,car,0 days 00:00:43.911000,0 days 02:51:29.431000,2783.387222222224,-605.6,65.7,88.1,2448.294670479678,-0.004190923645997411,17.842116012208145,67.5,19.094895862075703,1
2024-04-07 06:52:31.385,10573.0,221.0,6,0.0,True,0,car,0 days 00:00:44.231000,0 days 02:51:29.751000,2803.0316666666686,-597.8,84.5,89.0,2467.748204862921,-0.004734420333699506,17.842116012208145,61.388888888888886,17.842116012208145,1
2024-04-07 06:52:31.745,10141.0,175.0,6,0.0,True,0,car,0 days 00:00:44.591000,0 days 02:51:30.111000,2820.5316666666686,-587.6,105.9,90.2,2484.582693272136,-0.0018065761908505466,17.842116012208145,48.61111111111111,4.269012025061572,1
2024-04-07 06:52:31.945,10398.0,156.0,4,0.0,True,0,car,0 days 00:00:44.791000,0 days 02:51:30.311000,2829.198333333335,-587.6,105.9,90.2,2501.4171816813514,0.0,16.740601692239537,43.333333333333336,0.0,1
2024-04-07 06:52:32.225,9742.0,136.0,3,0.0,True,0,car,0 days 00:00:45.071000,0 days 02:51:30.591000,2839.776111111113,-580.8,121.3,91.0,2511.857488190262,0.0,16.740601692239537,37.77777777777778,0.0,1
2024-04-07 06:52:32.506,8169.0,119.0,3,0.0,True,0,car,0 days 00:00:45.352000,0 days 02:51:30.872000,2849.064722222224,-577.8,131.3,91.3,2518.792904544022,0.016903239776855702,16.740601692239537,33.05555555555556,18.46965883333747,1
2024-04-07 06:52:32.706,7746.0,110.0,3,0.0,True,0,car,0 days 00:00:45.552000,0 days 02:51:31.072000,2855.1758333333355,-577.1,136.3,91.4,2525.728320897782,0.017930429581109457,18.46965883333747,30.555555555555554,16.740601692239537,1
2024-04-07 06:52:32.906,7326.0,102.0,3,0.0,True,0,car,0 days 00:00:45.752000,0 days 02:51:31.272000,2860.8425000000025,-577.2,143.2,91.5,2531.929127296953,0.030698172219507745,18.46965883333747,28.333333333333332,24.643810476215936,1
2024-04-07 06:52:33.146,6458.0,96.0,3,0.0,True,0,car,0 days 00:00:45.992000,0 days 02:51:31.512000,2867.242500000002,-578.8,149.4,91.7,2538.3322515343857,0.03649723591380826,18.664375053681436,26.666666666666664,25.953589983152536,1
2024-04-07 06:52:33.386,6313.0,91.0,3,0.0,True,0,car,0 days 00:00:46.232000,0 days 02:51:31.752000,2873.3091666666687,-582.4,155.4,91.8,2545.5016308659597,0.032977281714357154,18.664375053681436,25.27777777777778,21.07136341640367,1
2024-04-07 06:52:34.546,5475.0,70.0,3,10.0,False,0,car,0 days 00:00:47.392000,0 days 02:51:32.912000,2895.8647222222244,-602.8,162.9,92.2,2553.77749940044,0.0285681969148454,18.664375053681436,19.444444444444443,10.801247290335066,1
2024-04-07 06:52:34.866,5214.0,71.0,3,9.0,False,0,car,0 days 00:00:47.712000,0 days 02:51:33.232000,2902.1758333333355,-608.5,161.3,92.3,2559.47749940044,0.047984586529599575,16.231124563851377,19.72222222222222,18.664375053681436,1
2024-04-07 06:52:35.146,5807.0,73.0,3,25.0,False,0,car,0 days 00:00:47.992000,0 days 02:51:33.512000,2907.853611111113,-615.7,157.0,92.5,2565.3978034466863,0.03947370507553272,10.801247290335066,20.27777777777778,16.231124563851377,1
2024-04-07 06:52:35.346,5852.0,76.0,3,12.0,False,0,car,0 days 00:00:48.192000,0 days 02:51:33.712000,2912.075833333335,-615.7,157.0,92.5,2572.0686354787495,0.017667494923800615,9.947515526581995,21.11111111111111,7.874031688261755,1
2024-04-07 06:52:35.585,5986.0,78.0,3,25.0,False,0,car,0 days 00:00:48.431000,0 days 02:51:33.951000,2917.2541666666684,-620.8,151.8,92.6,2578.5068029198774,0.017451381010017464,9.41293324043929,21.666666666666668,8.192453863035977,1
2024-04-07 06:52:35.825,6330.0,82.0,3,29.0,False,0,car,0 days 00:00:48.671000,0 days 02:51:34.191000,2922.720833333335,-624.3,147.1,92.6,2584.3668370494706,0.019173081681216928,8.192453863035977,22.77777777777778,9.947515526581995,1
2024-04-07 06:52:36.145,6952.0,86.0,3,42.0,False,0,car,0 days 00:00:48.991000,0 days 02:51:34.511000,2930.3652777777797,-628.7,139.8,92.7,2591.178591595841,0.01649426917199746,7.874031688261755,23.88888888888889,9.41293324043929,1
2024-04-07 06:52:36.305,7555.0,89.0,3,52.0,False,0,car,0 days 00:00:49.151000,0 days 02:51:34.671000,2934.3208333333355,-628.7,139.8,92.7,2597.0386257254345,0.010608944823942004,6.484062650497269,24.72222222222222,6.484062650497269,1
2024-04-07 06:52:36.625,8254.0,101.0,3,64.0,False,0,car,0 days 00:00:49.471000,0 days 02:51:34.991000,2943.298611111113,-634.8,128.0,92.6,2603.0801487122317,0.0,0.0,28.055555555555554,0.0,0
2024-04-07 06:52:36.785,8545.0,105.0,3,70.0,False,0,car,0 days 00:00:49.631000,0 days 02:51:35.151000,2947.96527777778,-634.8,128.0,92.6,2609.121671699029,0.0,0.0,29.166666666666664,0.0,0
2024-04-07 06:52:36.945,9105.0,109.0,3,76.0,False,0,car,0 days 00:00:49.791000,0 days 02:51:35.311000,2952.8097222222245,-637.7,122.7,92.6,2615.163194685826,0.0,0.0,30.27777777777778,0.0,0
2024-04-07 06:52:37.145,9130.0,122.0,3,72.0,False,0,car,0 days 00:00:49.991000,0 days 02:51:35.511000,2959.5875000000024,-643.8,111.5,92.6,2621.2047176726232,0.0,0.0,33.888888888888886,0.0,0
2024-04-07 06:52:37.385,10670.0,126.0,3,97.0,False,0,car,0 days 00:00:50.231000,0 days 02:51:35.751000,2967.9875000000025,-643.8,111.5,92.6,2629.677025504613,0.0,0.0,35.0,0.0,0
2024-04-07 06:52:37.585,11735.0,141.0,3,100.0,False,0,car,0 days 00:00:50.431000,0 days 02:51:35.951000,2975.8208333333355,-648.2,103.6,92.7,2638.719702099516,0.0,0.0,39.166666666666664,0.0,0
2024-04-07 06:52:37.825,12113.0,157.0,3,100.0,False,0,car,0 days 00:00:50.671000,0 days 02:51:36.191000,2986.287500000002,-652.5,96.3,92.7,2647.24319903446,-0.0037138262147213127,1.3284694073308372,43.61111111111111,7.063433824588397,0
2024-04-07 06:52:38.025,11975.0,166.0,3,100.0,False,0,car,0 days 00:00:50.871000,0 days 02:51:36.391000,2995.5097222222244,-658.1,86.9,92.8,2656.435587189885,0.00062479908255943,1.4775667737905442,46.11111111111111,1.3284694073308372,1
2024-04-07 06:52:38.345,10820.0,179.0,3,100.0,False,0,car,0 days 00:00:51.191000,0 days 02:51:36.711000,3011.4208333333354,-662.8,79.6,92.8,2666.115463222149,-0.0035391932748343956,2.6046459162484754,49.72222222222222,8.74994534868587,1
2024-04-07 06:52:38.625,11499.0,191.0,4,100.0,False,0,car,0 days 00:00:51.471000,0 days 02:51:36.991000,3026.276388888891,-675.1,60.6,92.9,2677.057126715421,0.0005249106490591116,2.9835033540341063,53.05555555555556,1.4775667737905442,1
2024-04-07 06:52:38.905,11987.0,198.0,4,100.0,False,0,car,0 days 00:00:51.751000,0 days 02:51:37.271000,3041.676388888891,-680.4,52.5,93.0,2688.7985065321204,-0.0009862821005071425,2.791410613154765,55.0,2.9835033540341063,1
2024-04-07 06:52:39.146,11007.0,207.0,4,100.0,False,0,car,0 days 00:00:51.992000,0 days 02:51:37.512000,3055.533888888891,-688.6,40.3,93.1,2703.4981663921308,-0.0007877946060486882,2.9835033540341063,57.5,2.6046459162484754,1
2024-04-07 06:52:39.466,11167.0,216.0,5,100.0,False,0,car,0 days 00:00:52.312000,0 days 02:51:37.832000,3074.7338888888908,-695.5,30.8,93.1,2717.9498098972826,-0.0023760916322732323,2.9835033540341063,60.0,8.553929876183636,1
2024-04-07 06:52:39.666,11470.0,219.0,5,100.0,False,0,car,0 days 00:00:52.512000,0 days 02:51:38.032000,3086.9005555555577,-705.2,18.5,93.2,2733.302334119703,-0.0007542937292067672,7.138788978197216,60.83333333333333,2.791410613154765,1
2024-04-07 06:52:39.946,11828.0,229.0,5,100.0,False,0,car,0 days 00:00:52.792000,0 days 02:51:38.312000,3104.711666666669,-716.2,6.6,93.4,2749.1064475083117,-0.0017642437245177615,8.553929876183636,63.61111111111111,7.138788978197216,1
2024-04-07 06:52:40.106,11548.0,233.0,5,100.0,False,0,car,0 days 00:00:52.952000,0 days 02:51:38.472000,3115.0672222222242,-726.6,-2.8,93.5,2764.9105608969203,-0.002172752647417598,8.876293118916644,64.72222222222221,9.10158707373873,1
2024-04-07 06:52:40.266,10632.0,233.0,5,100.0,False,0,car,0 days 00:00:53.112000,0 days 02:51:38.632000,3125.42277777778,-743.0,-15.6,93.6,2781.115806961081,-0.002118969935367381,9.10158707373873,64.72222222222221,8.876293118916644,1
2024-04-07 06:52:40.546,10930.0,237.0,6,100.0,False,0,car,0 days 00:00:53.392000,0 days 02:51:38.912000,3143.8561111111135,-743.0,-15.6,93.6,2799.1579797792315,-0.006164092277443655,19.595618317636024,65.83333333333333,26.715347155226283,1
2024-04-07 06:52:40.826,11049.0,245.0,6,100.0,False,0,car,0 days 00:00:53.672000,0 days 02:51:39.192000,3162.9116666666687,-767.3,-29.6,94.0,2816.424131637709,-0.006441135178714465,19.595618317636024,68.05555555555556,29.832495301106157,1
2024-04-07 06:52:41.186,11294.0,250.0,6,100.0,False,0,car,0 days 00:00:54.032000,0 days 02:51:39.552000,3187.9116666666687,-782.7,-34.7,94.1,2841.253549673579,-0.00447910691970298,19.595618317636024,69.44444444444444,21.60063136430835,1
2024-04-07 06:52:41.586,11533.0,256.0,6,100.0,False,0,car,0 days 00:00:54.432000,0 days 02:51:39.952000,3216.3561111111135,-813.4,-40.1,94.1,2866.0829677094493,-0.0038751100676965764,19.595618317636024,71.11111111111111,19.595618317636024,1
2024-04-07 06:52:41.906,11701.0,262.0,6,100.0,False,0,car,0 days 00:00:54.752000,0 days 02:51:40.272000,3239.6450000000023,-843.7,-42.7,93.6,2889.6269690686067,-0.00019046358375577599,1.5461748255807415,72.77777777777777,1.0088103582817503,1
2024-04-07 06:52:42.066,10861.0,262.0,6,100.0,False,0,car,0 days 00:00:54.912000,0 days 02:51:40.432000,3251.2894444444464,-867.1,-42.6,93.0,2913.026969068607,-0.00019163567841093832,1.5461748255807415,72.77777777777777,1.0150184806204048,1
2024-04-07 06:52:42.225,10587.0,265.0,6,100.0,False,0,car,0 days 00:00:55.071000,0 days 02:51:40.591000,3262.993611111113,-867.1,-42.6,93.0,2935.3271932827265,-0.0002778208694833846,1.5461748255807415,73.61111111111111,1.505398962922121,1
2024-04-07 06:52:42.505,10751.0,269.0,7,100.0,False,0,car,0 days 00:00:55.351000,0 days 02:51:40.871000,3283.9158333333353,-887.8,-40.8,92.3,2957.699721079111,-0.00027692300741457985,1.5461748255807415,74.72222222222221,1.5461748255807415,1
2024-04-07 06:52:42.785,10890.0,272.0,7,100.0,False,0,car,0 days 00:00:55.631000,0 days 02:51:41.151000,3305.071388888891,-910.1,-37.3,91.2,2978.4778345642185,-0.0036605150017514055,15.797838928892377,75.55555555555556,20.89656959024506,1
2024-04-07 06:52:43.025,10973.0,275.0,7,100.0,False,0,car,0 days 00:00:55.871000,0 days 02:51:41.391000,3323.4047222222243,-933.8,-31.6,90.0,2999.4716431753304,-0.0036229060447884117,18.86400658424868,76.38888888888889,21.140607225086697,1
2024-04-07 06:52:43.185,11036.0,276.0,7,100.0,False,0,car,0 days 00:00:56.031000,0 days 02:51:41.551000,3335.6713888888908,-933.8,-31.6,90.0,3020.6456838855966,-0.002687723069187739,18.86400658424868,76.66666666666667,15.797838928892377,1
2024-04-07 06:52:43.425,11080.0,279.0,7,100.0,False,0,car,0 days 00:00:56.271000,0 days 02:51:41.791000,3354.271388888891,-951.6,-26.3,89.3,3039.3360557385054,-0.003611615425658768,18.86400658424868,77.5,21.692265150362974,1
2024-04-07 06:52:43.625,11101.0,281.0,7,100.0,False,0,car,0 days 00:00:56.471000,0 days 02:51:41.991000,3369.882500000002,-972.1,-19.3,88.8,3057.716752134453,-0.003096180713667037,15.797838928892377,78.05555555555556,18.86400658424868,1
2024-04-07 06:52:43.785,11203.0,282.0,7,100.0,False,0,car,0 days 00:00:56.631000,0 days 02:51:42.151000,3382.4158333333357,-989.7,-12.6,88.6,3076.7359529588834,-0.00019670767308574682,1.2626191590392553,78.33333333333333,1.207020138462263,0
2024-04-07 06:52:44.225,11318.0,286.0,7,100.0,False,0,car,0 days 00:00:57.071000,0 days 02:51:42.591000,3417.371388888891,-1002.9,-7.4,88.6,3095.568106314249,-0.0001986614418185088,1.253835748069965,79.44444444444444,1.253835748069965,0
2024-04-07 06:52:44.585,11371.0,287.0,7,100.0,False,0,car,0 days 00:00:57.431000,0 days 02:51:42.951000,3446.071388888891,-1036.0,8.0,89.2,3114.400259669614,-0.0001986614418185088,1.207020138462263,79.72222222222221,1.2626191590392553,0
2024-04-07 06:52:44.825,11435.0,288.0,7,100.0,False,0,car,0 days 00:00:57.671000,0 days 02:51:43.191000,3465.271388888891,-1047.0,14.6,89.6,3133.64421976103,0.0,0.0,80.0,0.0,0
2024-04-07 06:52:44.985,11386.0,289.0,7,100.0,False,0,car,0 days 00:00:57.831000,0 days 02:51:43.351000,3478.115833333336,-1070.6,31.2,90.6,3152.888179852446,0.0,0.0,80.27777777777777,0.0,0
2024-04-07 06:52:45.225,11479.0,290.0,7,100.0,False,0,car,0 days 00:00:58.071000,0 days 02:51:43.591000,3497.449166666669,-1085.4,43.5,91.3,3172.1321399438616,0.0,0.0,80.55555555555556,0.0,0
2024-04-07 06:52:45.465,11474.0,291.0,7,100.0,False,0,car,0 days 00:00:58.311000,0 days 02:51:43.831000,3516.849166666669,-1085.4,43.5,91.3,3191.3761000352774,0.0,0.0,80.83333333333333,0.0,0
2024-04-07 06:52:45.625,11483.0,291.0,7,100.0,False,0,car,0 days 00:00:58.471000,0 days 02:51:43.991000,3529.782500000002,-1118.9,80.8,92.5,3208.9129184468366,0.0,0.0,80.83333333333333,0.0,0
2024-04-07 06:52:45.866,11523.0,292.0,7,100.0,False,0,car,0 days 00:00:58.712000,0 days 02:51:44.232000,3549.3302777777803,-1118.9,80.8,92.5,3208.9129184468366,-0.05,1.4426864199700697,81.11111111111111,328.95061728395063,1
2024-04-07 06:52:46.146,11590.0,293.0,7,100.0,False,0,car,0 days 00:00:58.992000,0 days 02:51:44.512000,3572.1191666666687,-1131.4,99.8,92.9,3231.656049277925,-0.003690178705880581,1.4426864199700697,81.38888888888889,24.444301830335032,1
2024-04-07 06:52:46.426,11631.0,294.0,7,100.0,False,0,car,0 days 00:00:59.272000,0 days 02:51:44.792000,3594.9858333333354,-1131.4,99.8,92.9,3231.656049277925,-0.05,1.4426864199700697,81.66666666666667,333.4722222222223,1
2024-04-07 06:52:46.586,11643.0,295.0,7,100.0,False,0,car,0 days 00:00:59.432000,0 days 02:51:44.952000,3608.0969444444468,-1152.0,142.7,93.7,3253.0345431444252,0.00021484879060973403,1.4426864199700697,81.94444444444444,1.4426864199700697,1
2024-04-07 06:52:46.906,11636.0,296.0,7,100.0,False,0,car,0 days 00:00:59.752000,0 days 02:51:45.272000,3634.408055555558,-1152.0,142.7,93.7,3261.2807543956606,0.0,1.4001420590107678,82.22222222222221,0.0,1
2024-04-07 06:52:47.146,11672.0,296.0,7,100.0,False,0,car,0 days 00:00:59.992000,0 days 02:51:45.512000,3654.141388888891,-1161.8,165.4,94.0,3283.458445889592,0.00020710647695374766,1.4001420590107678,82.22222222222221,1.4001420590107678,1
2024-04-07 06:52:47.306,11674.0,296.0,7,100.0,False,0,car,0 days 00:01:00.152000,0 days 02:51:45.672000,3667.296944444447,-1165.0,173.0,94.1,3305.6361373835234,0.00020710647695374766,1.4001420590107678,82.22222222222221,1.4001420590107678,1
2024-04-07 06:52:47.506,11481.0,297.0,7,4.0,False,0,car,0 days 00:01:00.352000,0 days 02:51:45.872000,3683.7969444444466,-1173.7,193.4,94.2,3328.267973367376,0.00020295054963956073,1.4001420590107678,82.5,1.3813321784842603,1
2024-04-07 06:52:47.666,11481.0,292.0,7,4.0,True,0,car,0 days 00:01:00.512000,0 days 02:51:46.032000,3696.7747222222247,-1183.9,215.6,94.4,3351.0758667378736,0.0,1.4001420590107678,81.11111111111111,0.0,1
2024-04-07 06:52:47.906,11179.0,265.0,7,0.0,True,0,car,0 days 00:01:00.752000,0 days 02:51:46.272000,3714.4413888888917,-1194.2,235.5,94.4,3375.548913135901,0.0006459743214008389,1.3813321784842603,73.61111111111111,3.5002736666955183,0
2024-04-07 06:52:48.346,10316.0,237.0,6,0.0,True,0,car,0 days 00:01:01.192000,0 days 02:51:46.712000,3743.4080555555583,-1208.5,258.1,94.3,3400.021959533928,0.0006459743214008389,0.0,65.83333333333333,2.7996706526823854,0
2024-04-07 06:52:49.545,10886.0,211.0,5,79.0,False,0,car,0 days 00:01:02.391000,0 days 02:51:47.911000,3813.6827777777803,-1286.0,282.9,94.5,3422.4295475344247,0.0,0.0,58.61111111111111,0.0,0
2024-04-07 06:52:49.785,10993.0,212.0,5,83.0,False,0,car,0 days 00:01:02.631000,0 days 02:51:48.151000,3827.816111111114,-1286.0,282.9,94.5,3436.7295475344245,0.0,2.7996706526823854,58.888888888888886,0.0,1
2024-04-07 06:52:49.945,10993.0,214.0,5,77.0,False,0,car,0 days 00:01:02.791000,0 days 02:51:48.311000,3837.327222222225,-1286.0,282.9,94.5,3448.1295475344245,0.0,2.7996706526823854,59.44444444444444,0.0,1
2024-04-07 06:52:50.105,10431.0,213.0,5,0.0,True,0,car,0 days 00:01:02.951000,0 days 02:51:48.471000,3846.7938888888916,-1303.5,280.5,94.4,3448.1295475344245,-0.05,3.677799862817266,59.166666666666664,175.03472222222223,1
2024-04-07 06:52:50.305,9970.0,202.0,5,0.0,True,0,car,0 days 00:01:03.151000,0 days 02:51:48.671000,3858.016111111114,-1314.9,277.9,94.5,3459.779440237793,-0.0014792593964135837,4.657384290992273,56.11111111111111,4.657384290992273,1
2024-04-07 06:52:50.505,9651.0,195.0,5,0.0,True,0,car,0 days 00:01:03.351000,0 days 02:51:48.871000,3868.849444444447,-1314.9,277.9,94.5,3473.527531014334,-0.00125349865146908,29.01607731364611,54.166666666666664,3.677799862817266,1
2024-04-07 06:52:50.705,10631.0,188.0,5,0.0,True,0,car,0 days 00:01:03.551000,0 days 02:51:49.071000,3879.2938888888916,-1328.4,273.5,94.5,3485.747187310646,0.010639666194682368,29.01607731364611,52.22222222222222,29.01607731364611,1
2024-04-07 06:52:50.905,10750.0,184.0,4,0.0,True,0,car,0 days 00:01:03.751000,0 days 02:51:49.271000,3889.516111111114,-1343.7,265.9,94.4,3496.2032860094914,0.012434184847630297,26.11054328444629,51.11111111111111,32.482389058747785,1
2024-04-07 06:52:51.225,10347.0,176.0,4,0.0,True,0,car,0 days 00:01:04.071000,0 days 02:51:49.591000,3905.1605555555584,-1351.4,260.1,94.4,3507.7553421035377,0.015415949054662781,29.01607731364611,48.888888888888886,36.84602144423104,1
2024-04-07 06:52:51.465,10009.0,170.0,4,0.0,False,0,car,0 days 00:01:04.311000,0 days 02:51:49.831000,3916.4938888888923,-1360.1,250.2,94.3,3518.858945122378,0.011709087922713631,29.5738398549199,47.22222222222222,26.11054328444629,1
2024-04-07 06:52:51.665,9838.0,166.0,4,0.0,False,0,car,0 days 00:01:04.511000,0 days 02:51:50.031000,3925.716111111114,-1364.7,242.2,94.3,3529.7754463933898,0.011909774091425549,29.5738398549199,46.11111111111111,25.322973369083517,1
2024-04-07 06:52:51.985,9517.0,161.0,4,0.0,False,0,car,0 days 00:01:04.831000,0 days 02:51:50.351000,3940.0272222222256,-1368.8,230.3,94.2,3540.490855858268,0.017464811074470427,29.394213628422328,44.72222222222222,34.93096974238796,1
2024-04-07 06:52:52.266,9627.0,157.0,4,54.0,False,0,car,0 days 00:01:05.112000,0 days 02:51:50.632000,3952.2819444444476,-1370.6,215.5,94.0,3552.5262204144415,0.015549392045103735,28.030023514678597,43.61111111111111,29.5738398549199,1
2024-04-07 06:52:52.666,9930.0,161.0,4,57.0,False,0,car,0 days 00:01:05.512000,0 days 02:51:51.032000,3970.1708333333368,-1370.1,206.8,93.8,3566.0354765005477,0.013852916896153684,28.030023514678597,44.72222222222222,27.70690269021602,1
2024-04-07 06:52:53.026,10342.0,166.0,4,67.0,False,0,car,0 days 00:01:05.872000,0 days 02:51:51.392000,3986.7708333333367,-1364.7,186.5,93.0,3579.5724628712287,0.013824539433312289,28.030023514678597,46.11111111111111,29.394213628422328,1
2024-04-07 06:52:53.186,10347.0,168.0,4,67.0,False,0,car,0 days 00:01:06.032000,0 days 02:51:51.552000,3994.2375000000034,-1358.3,173.0,92.2,3594.1124078504918,0.01287092916490344,27.70690269021602,46.666666666666664,28.030023514678597,1
2024-04-07 06:52:53.506,10829.0,176.0,4,83.0,False,0,car,0 days 00:01:06.352000,0 days 02:51:51.872000,4009.881944444448,-1357.3,171.4,92.2,3609.05262203905,0.010101371001596375,27.70690269021602,48.888888888888886,24.14352377665504,1
2024-04-07 06:52:53.921,11500.0,184.0,4,96.0,False,0,car,0 days 00:01:06.767000,0 days 02:51:52.287000,4031.0930555555587,-1335.8,144.7,89.8,3623.3137580386824,0.010582372004995707,27.644813780951747,51.11111111111111,27.644813780951747,1
2024-04-07 06:52:54.186,11861.0,193.0,4,100.0,False,0,car,0 days 00:01:07.032000,0 days 02:51:52.552000,4045.3000000000034,-1324.0,133.4,88.5,3639.6517505714264,0.003806233579485575,24.14352377665504,53.61111111111111,10.939690941532264,1
2024-04-07 06:52:54.546,10648.0,207.0,5,100.0,False,0,car,0 days 00:01:07.392000,0 days 02:51:52.912000,4066.000000000003,-1315.3,126.0,87.6,3655.9897431041704,0.009237159709767332,10.939690941532264,57.5,30.54035929041824,1
2024-04-07 06:52:54.746,11098.0,213.0,5,100.0,False,0,car,0 days 00:01:07.592000,0 days 02:51:53.112000,4077.8333333333367,-1299.4,113.6,86.0,3672.3277356369144,0.0,6.915871803160559,59.166666666666664,0.0,1
2024-04-07 06:52:55.186,11661.0,225.0,5,100.0,False,0,car,0 days 00:01:08.032000,0 days 02:51:53.552000,4105.333333333337,-1291.5,107.8,85.2,3687.5573121247885,0.0,1.7329614679108514,62.5,0.0,1
2024-04-07 06:52:55.466,10615.0,232.0,5,100.0,False,0,car,0 days 00:01:08.312000,0 days 02:51:53.832000,4123.377777777781,-1266.8,89.7,83.2,3702.7868886126626,0.0,1.7329614679108514,64.44444444444444,0.0,1
2024-04-07 06:52:55.705,10872.0,239.0,6,100.0,False,0,car,0 days 00:01:08.551000,0 days 02:51:54.071000,4139.244722222226,-1254.3,81.0,82.4,3718.0164651005366,0.0015691199133236612,1.7329614679108514,66.38888888888889,6.915871803160559,1
2024-04-07 06:52:55.865,10923.0,242.0,6,100.0,False,0,car,0 days 00:01:08.711000,0 days 02:51:54.231000,4150.000277777782,-1254.3,81.0,82.4,3736.324113775339,0.00038349806406879033,1.948622450628252,67.22222222222221,1.7329614679108514,1
2024-04-07 06:52:56.185,11196.0,248.0,6,100.0,False,0,car,0 days 00:01:09.031000,0 days 02:51:54.551000,4172.0447222222265,-1229.3,64.4,81.3,3753.4229441446946,0.00041060982960688973,1.948622450628252,68.88888888888889,1.948622450628252,1
2024-04-07 06:52:56.425,11314.0,255.0,6,100.0,False,0,car,0 days 00:01:09.271000,0 days 02:51:54.791000,4189.0447222222265,-1213.9,54.5,80.9,3770.9157998292303,0.00040136087275018106,1.948622450628252,70.83333333333333,2.0137724344583736,1
2024-04-07 06:52:56.625,11582.0,258.0,6,100.0,False,0,car,0 days 00:01:09.471000,0 days 02:51:54.991000,4203.37805555556,-1199.3,45.6,80.8,3788.9579726473803,0.00038914092527565926,1.7329614679108514,71.66666666666667,1.9986710300963726,1
2024-04-07 06:52:56.865,11710.0,262.0,6,100.0,False,0,car,0 days 00:01:09.711000,0 days 02:51:55.231000,4220.844722222227,-1184.3,36.6,80.8,3807.0001454655303,0.0,0.0,72.77777777777777,0.0,0
2024-04-07 06:52:57.265,11010.0,267.0,7,100.0,False,0,car,0 days 00:01:10.111000,0 days 02:51:55.631000,4250.511388888894,-1167.6,27.2,80.9,3826.163913362267,0.0,0.0,74.16666666666667,0.0,0
2024-04-07 06:52:57.585,10869.0,271.0,7,100.0,False,0,car,0 days 00:01:10.431000,0 days 02:51:55.951000,4274.600277777782,-1130.7,7.1,81.5,3845.327681259004,0.0,0.0,75.27777777777777,0.0,0
2024-04-07 06:52:57.865,10867.0,275.0,7,100.0,False,0,car,0 days 00:01:10.711000,0 days 02:51:56.231000,4295.989166666671,-1111.6,-2.6,82.0,3866.7496326173655,0.0,0.0,76.38888888888889,0.0,0
2024-04-07 06:52:58.105,11024.0,276.0,7,100.0,False,0,car,0 days 00:01:10.951000,0 days 02:51:56.471000,4314.3891666666705,-1111.6,-2.6,82.0,3888.171583975727,0.0,0.0,76.66666666666667,0.0,0
2024-04-07 06:52:58.345,11063.0,279.0,7,100.0,False,0,car,0 days 00:01:11.191000,0 days 02:51:56.711000,4332.989166666671,-1088.1,-14.1,82.6,3909.5935353340888,0.0,0.0,77.5,0.0,0
2024-04-07 06:52:58.665,11132.0,281.0,7,100.0,False,0,car,0 days 00:01:11.511000,0 days 02:51:57.031000,4357.966944444448,-1088.1,-14.1,82.6,3909.5935353340888,0.0,0.0,78.05555555555556,0.0,0
2024-04-07 06:52:58.866,11132.0,283.0,7,100.0,False,0,car,0 days 00:01:11.712000,0 days 02:51:57.232000,4373.767777777782,-1042.3,-34.2,83.8,3935.756486237991,0.0,0.0,78.61111111111111,0.0,0
2024-04-07 06:52:59.106,11238.0,285.0,7,100.0,False,0,car,0 days 00:01:11.952000,0 days 02:51:57.472000,4392.767777777782,-1042.3,-34.2,83.8,3935.756486237991,0.05,2.425950599959361,79.16666666666667,313.36805555555566,1
2024-04-07 06:52:59.546,11304.0,287.0,7,100.0,False,0,car,0 days 00:01:12.392000,0 days 02:51:57.912000,4427.845555555559,-1001.0,-49.8,84.9,3979.904532627384,-0.007228849753790323,2.425950599959361,79.72222222222221,45.94391399459529,1
2024-04-07 06:52:59.786,11389.0,288.0,7,100.0,False,0,car,0 days 00:01:12.632000,0 days 02:51:58.152000,4447.04555555556,-1001.0,-49.8,84.9,3979.904532627384,-0.05,2.425950599959361,80.0,320.0,1
2024-04-07 06:53:00.066,11409.0,289.0,7,100.0,False,0,car,0 days 00:01:12.912000,0 days 02:51:58.432000,4469.523333333338,-949.4,-67.8,86.0,4004.1276620701296,-0.0003764361032012706,2.425950599959361,80.27777777777777,2.425950599959361,1
2024-04-07 06:53:00.226,11477.0,290.0,7,100.0,False,0,car,0 days 00:01:13.072000,0 days 02:51:58.592000,4482.412222222227,-949.4,-67.8,86.0,4018.706070762439,-8.422285091631364e-05,0.5465387162084859,80.55555555555556,0.5465387162084859,0
2024-04-07 06:53:00.506,11496.0,290.0,7,100.0,False,0,car,0 days 00:01:13.352000,0 days 02:51:58.872000,4504.967777777782,-926.4,-75.4,86.3,4042.9292002051848,-5.0688543145988065e-05,0.3289279690260491,80.55555555555556,0.3289279690260491,0
2024-04-07 06:53:00.706,11500.0,292.0,7,100.0,False,0,car,0 days 00:01:13.552000,0 days 02:51:59.072000,4521.190000000005,-912.6,-80.1,86.4,4065.792489557332,0.0,0.0,81.11111111111111,0.0,0
2024-04-07 06:53:00.946,11532.0,292.0,7,100.0,False,0,car,0 days 00:01:13.792000,0 days 02:51:59.312000,4540.656666666671,-889.6,-87.9,86.4,4088.655778909479,0.0,0.0,81.11111111111111,0.0,0
2024-04-07 06:53:01.186,10595.0,293.0,7,100.0,False,0,car,0 days 00:01:14.032000,0 days 02:51:59.552000,4560.190000000004,-867.9,-95.1,86.4,4111.519068261626,0.0,0.0,81.38888888888889,0.0,0
2024-04-07 06:53:01.426,10614.0,294.0,7,100.0,False,0,car,0 days 00:01:14.272000,0 days 02:51:59.792000,4579.7900000000045,-867.9,-95.1,86.4,4135.805690093408,0.0,0.0,81.66666666666667,0.0,0
2024-04-07 06:53:01.706,10577.0,296.0,8,100.0,False,0,car,0 days 00:01:14.552000,0 days 02:52:00.072000,4602.812222222226,-825.8,-109.1,86.4,4158.668979445555,0.0,0.0,82.22222222222221,0.0,0
2024-04-07 06:53:02.066,10607.0,297.0,8,100.0,False,0,car,0 days 00:01:14.912000,0 days 02:52:00.432000,4632.512222222226,-801.2,-117.4,86.4,4184.631452363211,-4.532610214787337e-05,0.0,82.5,0.30850078274396314,0
2024-04-07 06:53:02.226,10609.0,298.0,8,100.0,False,0,car,0 days 00:01:15.072000,0 days 02:52:00.592000,4645.756666666671,-801.2,-117.4,86.4,4222.926752335923,3.072903725302008e-05,0.0,82.77777777777777,0.21056029507848725,0
2024-04-07 06:53:02.665,10644.0,299.0,8,100.0,False,0,car,0 days 00:01:15.511000,0 days 02:52:01.031000,4682.218055555559,-764.9,-129.6,86.4,4248.889225253579,0.0,0.0,83.05555555555556,0.0,0
2024-04-07 06:53:02.985,10690.0,300.0,8,100.0,False,0,car,0 days 00:01:15.831000,0 days 02:52:01.351000,4708.884722222226,-725.3,-142.9,86.3,4287.184525226291,0.0,0.0,83.33333333333333,0.0,0
2024-04-07 06:53:03.225,10709.0,301.0,8,100.0,False,0,car,0 days 00:01:16.071000,0 days 02:52:01.591000,4728.951388888892,-725.3,-142.9,86.3,4325.479825199003,0.0,0.0,83.61111111111111,0.0,0
2024-04-07 06:53:03.505,10733.0,302.0,8,100.0,False,0,car,0 days 00:01:16.351000,0 days 02:52:01.871000,4752.440277777781,-682.5,-157.2,86.3,4347.331369766836,0.0,0.0,83.88888888888889,0.0,0
2024-04-07 06:53:03.825,10780.0,303.0,8,100.0,False,0,car,0 days 00:01:16.671000,0 days 02:52:02.191000,4779.373611111116,-661.8,-164.2,86.3,4369.1829143346695,0.0,0.0,84.16666666666667,0.0,0
2024-04-07 06:53:04.065,10807.0,303.0,8,100.0,False,0,car,0 days 00:01:16.911000,0 days 02:52:02.431000,4799.5736111111155,-661.8,-164.2,86.3,4391.034458902503,0.0,0.0,84.16666666666667,0.0,0
2024-04-07 06:53:04.305,10816.0,304.0,8,100.0,False,0,car,0 days 00:01:17.151000,0 days 02:52:02.671000,4819.840277777782,-625.0,-176.5,86.3,4409.629081781174,0.0,0.0,84.44444444444444,0.0,0
2024-04-07 06:53:04.625,10802.0,304.0,8,100.0,False,0,car,0 days 00:01:17.471000,0 days 02:52:02.991000,4846.862500000005,-607.4,-182.5,86.3,4428.223704659846,0.0,0.0,84.44444444444444,0.0,0
2024-04-07 06:53:04.865,10832.0,304.0,8,100.0,False,0,car,0 days 00:01:17.711000,0 days 02:52:03.231000,4867.129166666671,-591.4,-187.8,86.3,4446.818327538517,0.0,0.0,84.44444444444444,0.0,0
2024-04-07 06:53:05.025,10832.0,304.0,8,100.0,False,0,car,0 days 00:01:17.871000,0 days 02:52:03.391000,4880.640277777782,-573.8,-193.8,86.3,4463.673297132083,0.0,0.0,84.44444444444444,0.0,0
2024-04-07 06:53:05.185,10859.0,305.0,8,100.0,False,0,car,0 days 00:01:18.031000,0 days 02:52:03.551000,4894.195833333339,-559.3,-198.6,86.3,4480.528266725648,0.0005149096539821213,3.695946802599292,84.72222222222221,3.695946802599292,1
2024-04-07 06:53:05.386,10817.0,304.0,8,100.0,False,0,car,0 days 00:01:18.232000,0 days 02:52:03.752000,4911.169166666671,-559.3,-198.6,86.3,4498.771073527234,0.0029393686740442943,20.960238841086227,84.44444444444444,20.960238841086227,1
2024-04-07 06:53:05.626,10811.0,304.0,8,100.0,False,0,car,0 days 00:01:18.472000,0 days 02:52:03.992000,4931.4358333333375,-531.9,-205.2,86.4,4513.471073527234,0.0036477778802193727,26.011808686601352,84.44444444444444,26.011808686601352,1
2024-04-07 06:53:05.946,10810.0,302.0,8,100.0,False,0,car,0 days 00:01:18.792000,0 days 02:52:04.312000,4958.280277777782,-495.9,-200.4,86.4,4540.402282189305,0.00534015490055014,26.011808686601352,83.88888888888889,37.58051601464313,1
2024-04-07 06:53:06.226,10744.0,301.0,8,100.0,False,0,car,0 days 00:01:19.072000,0 days 02:52:04.592000,4981.691388888894,-481.2,-195.3,86.4,4567.3885750062145,0.005329254629015926,26.011808686601352,83.61111111111111,37.25584866076172,1
2024-04-07 06:53:06.466,10719.0,299.0,8,100.0,False,0,car,0 days 00:01:19.312000,0 days 02:52:04.832000,5001.624722222226,-454.7,-184.9,86.7,4582.948137982083,0.0044090271031124095,26.011808686601352,83.05555555555556,30.41446234917844,1
2024-04-07 06:53:06.666,10681.0,300.0,8,100.0,False,0,car,0 days 00:01:19.512000,0 days 02:52:05.032000,5018.291388888893,-442.6,-179.4,86.8,4598.643360185033,0.0015342176171465765,12.497487066317468,83.33333333333333,10.654289007962335,1
2024-04-07 06:53:06.866,10664.0,299.0,8,100.0,False,0,car,0 days 00:01:19.712000,0 days 02:52:05.232000,5034.902500000005,-442.6,-179.4,86.8,4611.934710755987,0.0018116959807997044,10.654289007962335,83.05555555555556,12.497487066317468,1
2024-04-07 06:53:07.146,10692.0,299.0,8,100.0,False,0,car,0 days 00:01:19.992000,0 days 02:52:05.512000,5058.15805555556,-400.2,-154.7,87.5,4625.226061326941,0.0,0.0,83.05555555555556,0.0,0
2024-04-07 06:53:07.306,10693.0,299.0,8,100.0,False,0,car,0 days 00:01:20.152000,0 days 02:52:05.672000,5071.4469444444485,-400.2,-154.7,87.5,4625.226061326941,0.0,0.0,83.05555555555556,0.0,0
2024-04-07 06:53:07.586,10685.0,300.0,8,100.0,False,0,car,0 days 00:01:20.432000,0 days 02:52:05.952000,5094.7802777777815,-360.1,-125.0,88.4,4625.226061326941,0.0,0.0,83.33333333333333,0.0,0
2024-04-07 06:53:07.826,10668.0,299.0,8,100.0,False,0,car,0 days 00:01:20.672000,0 days 02:52:06.192000,5114.713611111114,-360.1,-125.0,88.4,4625.226061326941,0.0,0.0,83.05555555555556,0.0,0
2024-04-07 06:53:08.026,10663.0,300.0,8,100.0,False,0,car,0 days 00:01:20.872000,0 days 02:52:06.392000,5131.380277777781,-360.1,-125.0,88.4,4631.805574986779,0.0,0.0,83.33333333333333,0.0,0
2024-04-07 06:53:08.386,10659.0,300.0,8,100.0,False,0,car,0 days 00:01:21.232000,0 days 02:52:06.752000,5161.380277777781,-325.9,-92.9,89.1,4638.385088646617,0.0,0.0,83.33333333333333,0.0,0
2024-04-07 06:53:08.586,10638.0,300.0,8,100.0,False,0,car,0 days 00:01:21.432000,0 days 02:52:06.952000,5178.046944444448,-321.1,-88.4,89.2,4656.5578704920035,0.0,0.0,83.33333333333333,0.0,0
2024-04-07 06:53:08.906,10682.0,301.0,8,100.0,False,0,car,0 days 00:01:21.752000,0 days 02:52:07.272000,5204.8025000000025,-286.2,-54.8,90.0,4674.73065233739,0.0,0.0,83.61111111111111,0.0,0
2024-04-07 06:53:09.225,10458.0,296.0,8,0.0,True,0,car,0 days 00:01:22.071000,0 days 02:52:07.591000,5231.031388888891,-273.3,-42.0,90.4,4692.903434182776,0.0,0.0,82.22222222222221,0.0,0
2024-04-07 06:53:09.425,9447.0,274.0,8,0.0,True,0,car,0 days 00:01:22.271000,0 days 02:52:07.791000,5246.253611111114,-273.3,-42.0,90.4,4711.076216028163,0.0,0.0,76.11111111111111,0.0,0
2024-04-07 06:53:09.625,9414.0,246.0,8,0.0,True,0,car,0 days 00:01:22.471000,0 days 02:52:07.991000,5259.920277777781,-258.3,-27.0,90.7,4726.491143858029,0.0,0.0,68.33333333333333,0.0,0
2024-04-07 06:53:09.825,8948.0,221.0,8,0.0,True,0,car,0 days 00:01:22.671000,0 days 02:52:08.191000,5272.198055555559,-249.7,-18.5,90.9,4740.849764961743,0.0,0.0,61.388888888888886,0.0,0
2024-04-07 06:53:09.985,9788.0,209.0,8,0.0,True,0,car,0 days 00:01:22.831000,0 days 02:52:08.351000,5281.4869444444475,-238.8,-7.6,91.3,4755.208386065457,0.0,0.0,58.05555555555556,0.0,0
2024-04-07 06:53:10.145,10163.0,189.0,8,0.0,True,0,car,0 days 00:01:22.991000,0 days 02:52:08.511000,5289.886944444447,-228.4,2.3,91.5,4769.429848718784,-0.0007162581548544373,0.0,52.5,1.9741865393175428,0
2024-04-07 06:53:10.465,9551.0,179.0,7,0.0,True,0,car,0 days 00:01:23.311000,0 days 02:52:08.831000,5305.798055555559,-228.4,2.3,91.5,4783.651311372112,0.0,0.0,49.72222222222222,0.0,0
2024-04-07 06:53:10.705,10144.0,141.0,4,0.0,True,0,car,0 days 00:01:23.551000,0 days 02:52:09.071000,5315.198055555558,-216.4,12.0,91.7,4789.672108661508,-0.0016918421447843764,1.9741865393175428,39.166666666666664,2.595332845714366,1
2024-04-07 06:53:10.905,9229.0,128.0,3,0.0,True,0,car,0 days 00:01:23.751000,0 days 02:52:09.271000,5322.30916666667,-211.3,15.2,91.8,4795.692905950904,0.0,2.1804541868805978,35.55555555555556,0.0,1
2024-04-07 06:53:11.105,8207.0,118.0,3,0.0,True,0,car,0 days 00:01:23.951000,0 days 02:52:09.471000,5328.864722222224,-206.4,17.7,91.7,4808.112245707912,-0.015316956355863463,2.595332845714366,32.77777777777778,16.456273171222442,1
2024-04-07 06:53:11.465,7377.0,106.0,3,0.0,True,0,car,0 days 00:01:24.311000,0 days 02:52:09.831000,5339.464722222225,-190.5,22.8,91.7,4813.792034436377,-0.002515013017263488,11.822593510998153,29.444444444444443,2.1804541868805978,1
2024-04-07 06:53:11.905,6651.0,95.0,3,0.0,True,0,car,0 days 00:01:24.751000,0 days 02:52:10.271000,5351.075833333336,-176.7,22.9,91.3,4820.792748685652,-0.04281812890571158,11.822593510998153,26.38888888888889,29.81740843935548,1
2024-04-07 06:53:12.106,6179.0,90.0,3,0.0,False,0,car,0 days 00:01:24.952000,0 days 02:52:10.472000,5356.100833333336,-176.7,22.9,91.3,4827.792748685652,-0.018916149617597047,11.822593510998153,25.0,11.822593510998153,1
2024-04-07 06:53:12.466,6443.0,90.0,3,10.0,False,0,car,0 days 00:01:25.312000,0 days 02:52:10.832000,5365.100833333336,-169.7,20.3,91.2,4833.339819984996,-0.023870803200033007,11.822593510998153,25.0,14.919252000020629,1
2024-04-07 06:53:12.626,6436.0,86.0,3,13.0,False,0,car,0 days 00:01:25.472000,0 days 02:52:10.992000,5368.923055555558,-164.8,16.8,91.0,4839.361447671926,-0.019926208712105,13.196556325573487,23.88888888888889,11.371469107617946,1
2024-04-07 06:53:12.986,7163.0,91.0,3,44.0,False,0,car,0 days 00:01:25.832000,0 days 02:52:11.352000,5378.023055555558,-159.9,12.5,90.8,4847.187685593175,-0.01533153109881446,13.196556325573487,25.27777777777778,9.796327857197728,1
2024-04-07 06:53:13.386,7407.0,99.0,3,3.0,False,0,car,0 days 00:01:26.232000,0 days 02:52:11.752000,5389.023055555558,-150.7,5.6,90.6,4853.539063396455,0.024656363049468985,14.919252000020629,27.5,18.64637455616092,1
2024-04-07 06:53:13.666,6885.0,95.0,3,0.0,False,0,car,0 days 00:01:26.512000,0 days 02:52:12.032000,5396.411944444447,-141.3,2.6,90.4,4861.802839772907,0.018950401105754282,13.196556325573487,26.38888888888889,13.196556325573487,1
2024-04-07 06:53:13.946,6706.0,92.0,3,0.0,False,0,car,0 days 00:01:26.792000,0 days 02:52:12.312000,5403.567500000003,-136.0,2.2,90.3,4871.011531319484,0.023034538930701412,13.196556325573487,25.555555555555554,15.043544560914873,1
2024-04-07 06:53:14.266,6698.0,91.0,3,25.0,False,0,car,0 days 00:01:27.112000,0 days 02:52:12.632000,5411.656388888891,-128.3,3.0,90.2,4878.7529782126685,0.02740029956379224,13.196556325573487,25.27777777777778,17.507861164179285,1
2024-04-07 06:53:14.666,7362.0,97.0,3,44.0,False,0,car,0 days 00:01:27.512000,0 days 02:52:13.032000,5422.43416666667,-118.2,6.8,90.1,4886.982802026092,0.017858896281878874,12.965613820694314,26.944444444444443,12.965613820694314,1
2024-04-07 06:53:14.826,7886.0,101.0,3,51.0,False,0,car,0 days 00:01:27.672000,0 days 02:52:13.192000,5426.923055555559,-110.9,11.8,89.9,4895.802099050232,0.010345494332173863,8.143085469329133,28.055555555555554,8.143085469329133,1
2024-04-07 06:53:15.066,8089.0,101.0,3,57.0,False,0,car,0 days 00:01:27.912000,0 days 02:52:13.432000,5433.656388888892,-106.1,16.1,89.7,4904.650262701522,0.007051855849434485,8.143085469329133,28.055555555555554,5.550615858030954,1
2024-04-07 06:53:15.466,9489.0,122.0,3,78.0,False,0,car,0 days 00:01:28.312000,0 days 02:52:13.832000,5447.211944444448,-95.7,26.1,89.2,4913.912011996336,0.0031690159977636793,8.143085469329133,33.888888888888886,3.6394779406415583,1
2024-04-07 06:53:15.865,10912.0,135.0,3,84.0,False,0,car,0 days 00:01:28.711000,0 days 02:52:14.231000,5462.1744444444475,-89.0,31.8,88.9,4926.337791649944,0.0,8.143085469329133,37.5,0.0,1
2024-04-07 06:53:16.145,10119.0,150.0,3,82.0,False,0,car,0 days 00:01:28.991000,0 days 02:52:14.511000,5473.8411111111145,-77.9,39.4,88.4,4938.7635713035515,-0.006749100575594851,11.717188499296615,41.666666666666664,11.717188499296615,1
2024-04-07 06:53:16.345,9647.0,157.0,4,83.0,False,0,car,0 days 00:01:29.191000,0 days 02:52:14.711000,5482.563333333337,-60.1,46.2,87.5,4951.241551909403,-0.00838872810290629,11.717188499296615,43.61111111111111,15.954765355596997,1
2024-04-07 06:53:16.625,10677.0,165.0,4,100.0,False,0,car,0 days 00:01:29.471000,0 days 02:52:14.991000,5495.39666666667,-60.1,46.2,87.5,4964.410074985283,-0.007948832680222511,11.717188499296615,45.833333333333336,16.698068651161876,1
2024-04-07 06:53:16.785,11047.0,174.0,4,100.0,False,0,car,0 days 00:01:29.631000,0 days 02:52:15.151000,5503.130000000004,-47.1,48.3,86.5,4977.423913773281,-0.00804331360492649,11.717188499296615,48.33333333333333,18.79007428261994,1
2024-04-07 06:53:17.105,11189.0,189.0,4,100.0,False,0,car,0 days 00:01:29.951000,0 days 02:52:15.471000,5519.930000000003,-31.6,48.9,85.4,4990.423913773281,-0.0035477781549624085,15.954765355596997,52.5,9.778563539615138,1
2024-04-07 06:53:17.385,10390.0,195.0,4,100.0,False,0,car,0 days 00:01:30.231000,0 days 02:52:15.751000,5535.09666666667,-20.9,48.4,84.6,5003.423913773281,-0.0035477781549624085,16.698068651161876,54.166666666666664,10.409279656052899,1
2024-04-07 06:53:17.705,10905.0,205.0,5,100.0,False,0,car,0 days 00:01:30.551000,0 days 02:52:16.071000,5553.318888888893,1.2,45.2,83.1,5018.931976192552,-0.00297400892307473,18.79007428261994,56.94444444444444,9.643728780263544,1
2024-04-07 06:53:17.905,11127.0,214.0,5,100.0,False,0,car,0 days 00:01:30.751000,0 days 02:52:16.271000,5565.207777777781,1.2,45.2,83.1,5036.32881498585,-0.006027051724263569,21.29744296021407,59.44444444444444,21.29744296021407,1
2024-04-07 06:53:18.305,11484.0,223.0,5,100.0,False,0,car,0 days 00:01:31.151000,0 days 02:52:16.671000,5589.985555555559,35.8,34.3,80.8,5054.173141815406,-0.005875909371499292,21.29744296021407,61.94444444444444,22.54653527278459,1
2024-04-07 06:53:18.706,10719.0,228.0,5,100.0,False,0,car,0 days 00:01:31.552000,0 days 02:52:17.072000,5615.382222222226,52.9,26.6,79.8,5072.926808123624,-0.00559099460994111,21.29744296021407,63.33333333333333,22.426100602097115,1
2024-04-07 06:53:18.946,10702.0,235.0,6,100.0,False,0,car,0 days 00:01:31.792000,0 days 02:52:17.312000,5631.048888888892,61.8,21.5,79.2,5091.680474431842,-0.00559099460994111,21.29744296021407,65.27777777777777,23.82428065848748,1
2024-04-07 06:53:19.146,10881.0,239.0,6,100.0,False,0,car,0 days 00:01:31.992000,0 days 02:52:17.512000,5644.3266666666705,98.5,-5.4,77.5,5110.434140740061,0.0,0.0,66.38888888888889,0.0,0
2024-04-07 06:53:19.466,10994.0,246.0,6,100.0,False,0,car,0 days 00:01:32.312000,0 days 02:52:17.832000,5666.193333333336,98.5,-5.4,77.5,5127.345970918962,0.0,0.0,68.33333333333333,0.0,0
2024-04-07 06:53:19.746,11268.0,251.0,6,100.0,False,0,car,0 days 00:01:32.592000,0 days 02:52:18.112000,5685.715555555558,118.3,-24.8,76.7,5154.22198252783,0.0,0.0,69.72222222222221,0.0,0
2024-04-07 06:53:20.186,11526.0,256.0,6,100.0,False,0,car,0 days 00:01:33.032000,0 days 02:52:18.552000,5717.004444444447,129.8,-37.2,76.1,5172.455193983851,0.0,0.0,71.11111111111111,0.0,0
2024-04-07 06:53:20.466,11717.0,261.0,6,100.0,False,0,car,0 days 00:01:33.312000,0 days 02:52:18.832000,5737.304444444447,148.4,-58.9,75.3,5172.455193983851,0.0,0.0,72.5,0.0,0
2024-04-07 06:53:20.706,10518.0,265.0,7,100.0,False,0,car,0 days 00:01:33.552000,0 days 02:52:19.072000,5754.971111111114,160.2,-72.8,74.7,5172.455193983851,0.0,0.0,73.61111111111111,0.0,0
